customer_id,campaign_id,channel,discount,previous_orders_12m,days_since_last_order,avg_basket_eur_12m,loyalty_tier,campaign_cost_eur,clicks_after_campaign,purchase_revenue_after_campaign_eur,conversion_flag
M3C000000,CMP_M3,SMS,20,3,78,129.86,Silver,2.86,2,0.0,0
M3C000001,CMP_M3,push,0.1,11,375,30.98,Gold,1.16,3,0.0,0
M3C000002,CMP_M3,push,0.2,2,273,73.75,Silver,2.02,3,0.0,0
M3C000003,CMP_M3,Social,0.15,14,194,93.16,Silver,1.37,0,0.0,0
M3C000004,CMP_M3,push,0.05,7,109,29.66,Silver,1.41,3,0.0,0
M3C000005,CMP_M3,Push,0.2,16,153,23.72,Gold,1.34,3,0.0,0
M3C000006,CMP_M3,push,15,3,36,86.96,Silver,0.2,3,0.0,0
M3C000007,CMP_M3,push,0,13,46,37.13,Gold,3.2,5,128.96,1
M3C000008,CMP_M3,SMS,0.05,11,245,106.68,Gold,4.01,1,0.0,0
M3C000009,CMP_M3,push,0.2,6,381,81.53,Gold,3.02,3,0.0,0
M3C000010,CMP_M3,SMS,0.15,15,124,50.75,Silver,1.87,2,139.2,1
M3C000011,CMP_M3,push,0.05,13,94,81.51,Gold,0.93,2,0.0,0
M3C000012,CMP_M3,Push,15,6,369,64.85,Bronze,3.73,3,0.0,0
M3C000013,CMP_M3,Push,0,1,115,72.43,Gold,3.99,3,0.0,0
M3C000014,CMP_M3,Push,0.15,0,313,133.3,Gold,1.25,1,0.0,0
M3C000015,CMP_M3,Social,0.2,4,133,122.58,Bronze,1.75,2,0.0,0
M3C000016,CMP_M3,Email,0.1,4,124,143.96,Silver,4.59,3,0.0,0
M3C000017,CMP_M3,push,0.1,0,389,35.16,Gold,2.97,3,0.0,0
M3C000018,CMP_M3,Email,20,13,122,128.26,Bronze,3.14,2,0.0,0
M3C000019,CMP_M3,Push,0.2,8,279,87.31,Silver,0.96,8,84.07,1
M3C000020,CMP_M3,push,0.15,6,36,56.73,Silver,4.23,3,0.0,0
M3C000021,CMP_M3,push,0.1,9,201,139.37,Bronze,2.17,3,0.0,0
M3C000022,CMP_M3,push,0.2,15,152,85.11,Silver,2.04,4,171.18,1
M3C000023,CMP_M3,SMS,0.2,14,65,76.55,Silver,0.48,2,0.0,0
M3C000024,CMP_M3,SMS,15,8,355,110.06,Bronze,1.17,0,0.0,0
M3C000025,CMP_M3,SMS,0.1,4,323,93.2,Bronze,1.52,8,139.03,1
M3C000026,CMP_M3,Social,0.05,7,184,126.9,Gold,2.51,1,0.0,0
M3C000027,CMP_M3,push,0,5,8,112.82,Gold,3.2,6,93.31,1
M3C000028,CMP_M3,Email,0.1,9,108,109.48,Gold,4.77,2,0.0,0
M3C000029,CMP_M3,Email,0.15,12,66,54.7,Silver,1.78,2,0.0,0
M3C000030,CMP_M3,Email,15,7,170,79.43,Gold,0.32,2,0.0,0
M3C000031,CMP_M3,SMS,0.1,7,222,63.45,Gold,0.99,1,0.0,0
M3C000032,CMP_M3,Social,0.15,4,234,82.59,Bronze,1.31,3,0.0,0
M3C000033,CMP_M3,Push,0.1,3,115,130.0,Gold,-2.0,2,0.0,0
M3C000034,CMP_M3,push,0.15,3,52,68.58,Bronze,2.32,2,0.0,0
M3C000035,CMP_M3,Email,0.1,15,168,25.61,Gold,0.82,5,35.67,1
M3C000036,CMP_M3,Social,0,13,195,76.92,Bronze,2.78,2,0.0,0
M3C000037,CMP_M3,SMS,0,8,215,77.26,Gold,4.77,3,0.0,0
M3C000038,CMP_M3,SMS,0.15,14,78,139.34,Silver,4.35,4,85.89,1
M3C000039,CMP_M3,push,0.05,2,80,103.85,Bronze,3.02,3,0.0,0
M3C000040,CMP_M3,push,0.15,14,331,105.54,Gold,3.35,7,38.48,1
M3C000041,CMP_M3,push,0.1,6,39,52.86,Gold,1.6,3,0.0,0
M3C000042,CMP_M3,Push,20,13,138,58.45,Silver,4.23,3,0.0,0
M3C000043,CMP_M3,Push,0,3,337,69.78,Gold,2.08,0,0.0,0
M3C000044,CMP_M3,SMS,0.05,7,152,71.85,Silver,3.38,0,0.0,0
M3C000045,CMP_M3,Email,0.2,16,330,30.81,Silver,0.44,3,0.0,0
M3C000046,CMP_M3,Email,0.05,9,348,142.4,Silver,4.87,1,0.0,0
M3C000047,CMP_M3,Email,0,10,301,90.34,Bronze,2.93,3,0.0,0
M3C000048,CMP_M3,SMS,5,14,20,101.23,Gold,0.61,0,0.0,0
M3C000049,CMP_M3,push,0,3,298,75.18,Bronze,0.39,1,0.0,0
M3C000050,CMP_M3,push,0,4,312,127.0,Silver,2.72,0,0.0,0
M3C000051,CMP_M3,SMS,0.2,1,129,90.35,Silver,4.15,0,0.0,0
M3C000052,CMP_M3,Social,0.15,16,108,65.41,Bronze,2.51,2,0.0,0
M3C000053,CMP_M3,Push,0.15,2,50,61.7,Silver,4.42,1,0.0,0
M3C000054,CMP_M3,push,15,5,83,114.11,Gold,4.78,0,0.0,0
M3C000055,CMP_M3,Social,0.05,13,179,88.14,Silver,1.62,2,0.0,0
M3C000056,CMP_M3,Email,0.15,16,369,51.46,Bronze,4.27,5,52.05,1
M3C000057,CMP_M3,SMS,0,9,237,125.77,Bronze,0.74,0,0.0,0
M3C000057,CMP_M3,SMS,0,9,237,125.77,Bronze,0.74,0,0.0,0
M3C000058,CMP_M3,Social,0.2,13,296,102.58,Gold,3.41,1,0.0,0
M3C000059,CMP_M3,SMS,0.15,7,72,97.83,Bronze,0.41,0,0.0,0
M3C000060,CMP_M3,Push,15,11,242,40.22,Gold,0.74,2,42.97,1
M3C000061,CMP_M3,Email,0.1,6,124,122.07,Gold,1.21,1,0.0,0
M3C000062,CMP_M3,Push,0,4,92,72.25,Bronze,1.98,3,0.0,0
M3C000063,CMP_M3,SMS,0.2,16,97,72.57,Gold,1.76,2,0.0,0
M3C000064,CMP_M3,Social,0.2,8,194,94.1,Bronze,4.25,0,0.0,0
M3C000065,CMP_M3,SMS,0.05,12,48,32.5,Silver,1.81,1,167.15,1
M3C000066,CMP_M3,Email,10,6,145,95.95,Gold,2.0,2,103.21,1
M3C000067,CMP_M3,Social,0.1,4,173,45.6,Gold,0.49,2,0.0,0
M3C000068,CMP_M3,push,0.05,6,90,103.59,Bronze,4.41,3,0.0,0
M3C000069,CMP_M3,SMS,0.2,2,351,76.54,Silver,0.77,2,0.0,0
M3C000070,CMP_M3,Social,0.1,12,218,53.54,Bronze,4.87,1,0.0,0
M3C000071,CMP_M3,SMS,0,6,397,83.65,Bronze,0.31,2,0.0,0
M3C000072,CMP_M3,SMS,10,11,103,91.84,Gold,3.85,3,0.0,0
M3C000073,CMP_M3,Email,0.05,12,250,70.74,Silver,4.21,2,0.0,0
M3C000074,CMP_M3,Social,0.15,15,126,126.31,Bronze,0.21,1,0.0,0
M3C000075,CMP_M3,Social,0.15,10,406,135.95,Silver,3.74,1,0.0,0
M3C000076,CMP_M3,Social,0.15,3,334,101.17,Gold,0.64,2,0.0,0
M3C000077,CMP_M3,Email,0.05,6,246,56.61,Bronze,1.97,5,160.71,1
M3C000078,CMP_M3,Push,20,10,129,132.24,Bronze,-2.0,2,0.0,0
M3C000079,CMP_M3,push,0.15,7,152,44.43,Bronze,1.36,3,0.0,0
M3C000080,CMP_M3,SMS,0.2,14,147,28.15,Silver,0.74,2,0.0,0
M3C000081,CMP_M3,SMS,0.2,1,329,44.46,Gold,0.53,1,0.0,0
M3C000082,CMP_M3,Email,0.1,6,304,73.07,Bronze,2.19,7,103.49,1
M3C000083,CMP_M3,push,0.05,14,153,80.67,Gold,4.8,3,0.0,0
M3C000084,CMP_M3,push,5,8,118,59.97,Silver,1.2,2,0.0,0
M3C000085,CMP_M3,push,0.2,13,75,96.46,Bronze,4.73,1,0.0,0
M3C000086,CMP_M3,Social,0.05,11,337,96.85,Gold,4.08,2,0.0,0
M3C000087,CMP_M3,Social,0,14,158,28.88,Bronze,4.49,1,0.0,0
M3C000088,CMP_M3,SMS,0,7,272,66.35,Gold,4.4,0,0.0,0
M3C000089,CMP_M3,SMS,0,11,353,94.42,Bronze,1.42,1,0.0,0
M3C000090,CMP_M3,Email,10,8,169,65.03,Gold,2.85,0,0.0,0
M3C000091,CMP_M3,Email,0.15,5,329,118.05,Gold,2.39,2,0.0,0
M3C000092,CMP_M3,Social,0,4,215,113.7,Gold,2.38,1,0.0,0
M3C000093,CMP_M3,Push,0,9,197,100.22,Silver,2.15,3,0.0,0
M3C000094,CMP_M3,Social,0,7,276,123.39,Silver,3.07,3,0.0,0
M3C000095,CMP_M3,Email,0.15,3,387,60.55,Gold,2.25,2,0.0,0
M3C000095,CMP_M3,Email,0.15,3,387,60.55,Gold,2.25,2,0.0,0
M3C000096,CMP_M3,Email,5,8,315,60.82,Bronze,3.72,3,0.0,0
M3C000097,CMP_M3,Email,0.05,11,412,138.49,Bronze,3.0,2,0.0,0
M3C000098,CMP_M3,Email,0.2,2,175,98.62,Gold,2.29,3,0.0,0
M3C000099,CMP_M3,SMS,0.2,8,342,96.82,Gold,1.12,4,89.95,1
M3C000100,CMP_M3,Email,0.1,16,118,28.06,Gold,3.44,2,0.0,0
M3C000101,CMP_M3,Social,0,13,391,138.9,Gold,3.5,0,0.0,0
M3C000102,CMP_M3,Push,5,3,411,89.96,Bronze,1.89,0,0.0,0
M3C000103,CMP_M3,Push,0.05,12,312,118.58,Silver,0.74,6,158.2,1
M3C000104,CMP_M3,SMS,0.05,10,210,45.07,Bronze,0.7,0,0.0,0
M3C000105,CMP_M3,Push,0.1,0,211,86.0,Silver,3.79,3,0.0,0
M3C000106,CMP_M3,push,0.05,16,246,24.59,Silver,1.99,2,0.0,0
M3C000107,CMP_M3,SMS,0,3,23,133.85,Silver,2.21,1,0.0,0
M3C000108,CMP_M3,Email,10,14,372,38.35,Bronze,1.66,0,0.0,0
M3C000109,CMP_M3,SMS,0.1,10,400,80.19,Silver,2.6,1,0.0,0
M3C000110,CMP_M3,Email,0.15,2,310,80.54,Gold,1.89,7,70.86,1
M3C000111,CMP_M3,Social,0.05,0,130,135.35,Gold,0.77,0,0.0,0
M3C000112,CMP_M3,Email,0.1,4,128,21.57,Gold,3.41,1,0.0,0
M3C000113,CMP_M3,SMS,0,4,377,49.73,Gold,2.33,3,0.0,0
M3C000114,CMP_M3,push,5,6,221,144.95,Gold,3.42,3,0.0,0
M3C000115,CMP_M3,Social,0.2,3,40,90.82,Silver,1.47,2,0.0,0
M3C000116,CMP_M3,push,0.2,7,33,135.18,Gold,2.93,1,0.0,0
M3C000117,CMP_M3,Social,0,7,184,122.18,Gold,0.4,1,0.0,0
M3C000118,CMP_M3,Push,0.05,0,155,37.62,Gold,2.74,0,0.0,0
M3C000119,CMP_M3,push,0.2,10,273,44.92,Silver,4.45,1,0.0,0
M3C000120,CMP_M3,SMS,5,16,140,63.56,Bronze,4.14,3,0.0,0
M3C000121,CMP_M3,Social,0.15,14,89,75.77,Silver,3.12,0,0.0,0
M3C000122,CMP_M3,push,0,12,307,52.38,Bronze,0.96,3,0.0,0
M3C000123,CMP_M3,Social,0.2,3,226,81.98,Silver,3.56,1,0.0,0
M3C000124,CMP_M3,SMS,0.15,15,16,25.92,Silver,0.75,6,164.41,1
M3C000125,CMP_M3,SMS,0.1,9,333,69.54,Gold,3.65,2,0.0,0
M3C000126,CMP_M3,Push,10,10,204,21.83,Silver,1.33,1,0.0,0
M3C000127,CMP_M3,Push,0.1,15,169,136.98,Gold,0.62,3,0.0,0
M3C000128,CMP_M3,push,0,12,83,41.82,Silver,1.07,2,48.75,1
M3C000129,CMP_M3,Social,0.2,13,407,136.46,Gold,3.04,1,0.0,0
M3C000130,CMP_M3,Push,0.15,3,164,21.38,Silver,1.53,2,0.0,0
M3C000131,CMP_M3,push,0.15,5,172,30.7,Silver,4.63,2,0.0,0
M3C000132,CMP_M3,Email,10,2,224,142.4,Bronze,0.31,3,0.0,0
M3C000133,CMP_M3,Push,0.15,13,43,90.36,Gold,0.45,1,0.0,0
M3C000134,CMP_M3,Push,0,16,227,79.2,Bronze,3.41,1,0.0,0
M3C000135,CMP_M3,SMS,0.2,5,299,135.63,Gold,2.57,3,0.0,0
M3C000136,CMP_M3,Email,0.2,12,159,64.14,Silver,3.27,0,0.0,0
M3C000137,CMP_M3,Push,0.15,9,372,106.56,Silver,0.64,2,0.0,0
M3C000138,CMP_M3,SMS,10,5,419,63.9,Silver,0.7,1,0.0,0
M3C000139,CMP_M3,Email,0,8,103,123.87,Bronze,0.87,3,126.88,1
M3C000140,CMP_M3,SMS,0.05,4,383,19.25,Gold,3.46,2,0.0,0
M3C000141,CMP_M3,SMS,0.1,15,154,34.42,Silver,4.84,1,0.0,0
M3C000142,CMP_M3,SMS,0.2,5,82,100.67,Silver,4.78,2,0.0,0
M3C000143,CMP_M3,SMS,0.2,2,21,107.03,Bronze,4.71,3,0.0,0
M3C000144,CMP_M3,Social,0,15,141,28.15,Gold,2.73,3,0.0,0
M3C000145,CMP_M3,SMS,0,4,208,36.75,Silver,-2.0,1,0.0,0
M3C000146,CMP_M3,push,0.1,7,48,47.42,Gold,3.19,2,170.98,1
M3C000147,CMP_M3,SMS,0.05,9,127,129.55,Silver,1.94,2,0.0,0
M3C000148,CMP_M3,push,0.15,12,341,136.57,Silver,0.86,2,0.0,0
M3C000149,CMP_M3,Push,0.1,7,256,67.25,Bronze,1.35,3,0.0,0
M3C000150,CMP_M3,Email,10,11,345,72.23,Bronze,4.38,3,0.0,0
M3C000151,CMP_M3,push,0,7,417,26.9,Bronze,1.41,2,0.0,0
M3C000152,CMP_M3,Push,0.05,13,412,18.2,Silver,2.38,1,0.0,0
M3C000153,CMP_M3,Push,0.05,5,189,32.8,Bronze,3.27,2,0.0,0
M3C000154,CMP_M3,Social,0.1,1,379,120.4,Gold,4.63,0,0.0,0
M3C000155,CMP_M3,SMS,0.2,11,158,23.42,Gold,1.09,2,0.0,0
M3C000156,CMP_M3,push,20,5,24,138.77,Gold,4.52,2,42.7,1
M3C000157,CMP_M3,Push,0.05,10,309,142.87,Gold,2.88,0,0.0,0
M3C000158,CMP_M3,SMS,0.05,1,108,101.18,Silver,4.12,0,0.0,0
M3C000159,CMP_M3,Email,0.1,8,223,55.16,Silver,3.81,3,0.0,0
M3C000160,CMP_M3,Social,0,0,52,83.04,Bronze,0.3,0,0.0,0
M3C000161,CMP_M3,Email,0,4,268,130.54,Bronze,0.28,3,0.0,0
M3C000162,CMP_M3,Email,0,16,2,107.88,Silver,4.89,3,0.0,0
M3C000163,CMP_M3,Email,0.05,3,369,121.62,Bronze,0.28,1,0.0,0
M3C000164,CMP_M3,Push,0.1,0,199,48.74,Silver,2.1,2,0.0,0
M3C000165,CMP_M3,Push,0.05,9,296,112.26,Gold,1.51,1,52.43,1
M3C000166,CMP_M3,Social,0.1,10,211,49.18,Silver,3.79,0,0.0,0
M3C000167,CMP_M3,Push,0,6,119,125.27,Bronze,3.44,1,0.0,0
M3C000168,CMP_M3,SMS,0,16,390,36.09,Gold,2.7,1,0.0,0
M3C000169,CMP_M3,SMS,0.15,4,96,85.65,Gold,1.21,0,0.0,0
M3C000170,CMP_M3,SMS,0.05,9,26,127.21,Bronze,2.79,3,0.0,0
M3C000171,CMP_M3,Social,0.2,15,135,66.36,Bronze,3.12,0,0.0,0
M3C000172,CMP_M3,Social,0.2,7,263,81.96,Bronze,3.74,3,0.0,0
M3C000173,CMP_M3,Email,0.1,9,106,58.08,Bronze,1.15,2,0.0,0
M3C000174,CMP_M3,Social,0,1,250,83.71,Bronze,1.49,0,0.0,0
M3C000175,CMP_M3,Email,0.05,14,300,48.44,Bronze,3.91,3,0.0,0
M3C000176,CMP_M3,Email,0.1,5,107,142.93,Gold,1.01,2,0.0,0
M3C000177,CMP_M3,SMS,0,9,374,144.09,Silver,1.56,1,0.0,0
M3C000178,CMP_M3,Social,0.05,7,12,84.09,Gold,1.52,2,0.0,0
M3C000179,CMP_M3,Push,0.05,16,290,138.61,Silver,3.61,4,61.39,1
M3C000180,CMP_M3,Email,10,13,167,26.29,Bronze,2.86,1,0.0,0
M3C000181,CMP_M3,SMS,0,11,362,91.32,Bronze,0.67,3,0.0,0
M3C000182,CMP_M3,Push,0.2,10,412,107.25,Gold,1.27,6,141.62,1
M3C000183,CMP_M3,push,0.2,8,131,112.47,Silver,4.69,3,0.0,0
M3C000184,CMP_M3,push,0.2,7,288,139.97,Silver,4.16,3,0.0,0
M3C000185,CMP_M3,SMS,0.2,10,4,60.54,Gold,2.56,1,89.94,1
M3C000186,CMP_M3,SMS,20,6,357,107.06,Silver,2.76,7,152.4,1
M3C000187,CMP_M3,Social,0.2,2,99,32.36,Gold,4.1,1,116.46,1
M3C000188,CMP_M3,Email,0,8,47,75.07,Bronze,2.37,1,0.0,0
M3C000189,CMP_M3,Email,0.05,13,121,143.01,Silver,2.69,3,0.0,0
M3C000190,CMP_M3,push,0.1,13,79,131.69,Silver,2.9,2,0.0,0
M3C000191,CMP_M3,push,0.15,13,359,102.7,Bronze,1.01,0,0.0,0
M3C000192,CMP_M3,Email,0,15,283,133.41,Bronze,3.81,3,0.0,0
M3C000193,CMP_M3,push,0.15,4,207,58.26,Silver,3.41,4,169.45,1
M3C000194,CMP_M3,Email,0.15,4,17,141.44,Gold,4.7,0,0.0,0
M3C000195,CMP_M3,Social,0.15,9,76,135.55,Bronze,0.33,2,0.0,0
M3C000196,CMP_M3,Email,0.1,9,35,41.96,Gold,3.99,0,0.0,0
M3C000197,CMP_M3,SMS,0,1,224,130.49,Gold,1.89,2,0.0,0
M3C000198,CMP_M3,push,15,10,52,96.87,Silver,3.68,1,31.81,1
M3C000199,CMP_M3,SMS,0.15,6,9,27.28,Bronze,2.44,1,0.0,0
M3C000200,CMP_M3,SMS,0.1,1,295,130.41,Bronze,4.41,0,0.0,0
M3C000201,CMP_M3,Social,0.2,14,326,98.13,Bronze,2.32,1,0.0,0
M3C000202,CMP_M3,push,0.15,5,275,18.02,Gold,1.01,2,0.0,0
M3C000203,CMP_M3,SMS,0.2,3,226,81.01,Silver,0.31,3,0.0,0
M3C000204,CMP_M3,Social,15,3,111,35.81,Bronze,1.96,1,0.0,0
M3C000205,CMP_M3,Social,0.15,11,362,80.72,Bronze,4.4,8,98.64,1
M3C000206,CMP_M3,push,0.05,14,166,121.5,Gold,2.38,1,0.0,0
M3C000207,CMP_M3,Social,0.2,2,101,58.29,Gold,3.74,0,0.0,0
M3C000208,CMP_M3,Social,0.15,16,255,111.7,Gold,1.2,3,147.81,1
M3C000209,CMP_M3,Push,0.1,6,72,124.63,Silver,4.41,1,0.0,0
M3C000210,CMP_M3,SMS,20,4,147,142.32,Silver,4.03,2,0.0,0
M3C000211,CMP_M3,Email,0,3,94,70.16,Gold,1.64,0,0.0,0
M3C000212,CMP_M3,push,0.1,15,105,59.34,Gold,4.49,2,0.0,0
M3C000213,CMP_M3,Social,0,6,393,78.69,Silver,1.95,3,0.0,0
M3C000214,CMP_M3,Push,0.2,4,316,101.55,Bronze,3.08,0,0.0,0
M3C000215,CMP_M3,Push,0,1,160,102.64,Bronze,3.79,1,0.0,0
M3C000216,CMP_M3,push,20,3,179,54.23,Bronze,4.45,2,0.0,0
M3C000217,CMP_M3,Push,0.05,4,413,63.37,Bronze,3.36,2,0.0,0
M3C000218,CMP_M3,SMS,0.2,9,325,142.69,Bronze,0.71,2,0.0,0
M3C000219,CMP_M3,Push,0.1,4,222,116.27,Silver,1.41,1,0.0,0
M3C000220,CMP_M3,SMS,0.05,0,269,128.0,Bronze,3.77,3,0.0,0
M3C000221,CMP_M3,Social,0.2,8,181,101.02,Gold,2.94,0,0.0,0
M3C000222,CMP_M3,Email,10,3,8,68.21,Gold,4.15,3,0.0,0
M3C000223,CMP_M3,Email,0.1,9,117,143.65,Silver,0.97,3,0.0,0
M3C000224,CMP_M3,Push,0.1,15,139,109.52,Gold,0.83,1,0.0,0
M3C000225,CMP_M3,push,0.2,9,281,18.86,Gold,1.33,0,0.0,0
M3C000226,CMP_M3,push,0.15,8,327,140.82,Gold,2.79,2,0.0,0
M3C000227,CMP_M3,Push,0.15,6,188,133.86,Silver,4.19,3,0.0,0
M3C000228,CMP_M3,Push,5,4,341,105.45,Bronze,1.04,0,0.0,0
M3C000229,CMP_M3,Push,0.05,15,380,32.88,Bronze,2.66,6,159.07,1
M3C000230,CMP_M3,SMS,0.15,9,112,80.77,Silver,2.68,0,0.0,0
M3C000231,CMP_M3,Social,0,9,284,107.77,Silver,1.61,3,0.0,0
M3C000232,CMP_M3,Social,0,5,194,23.57,Bronze,1.22,2,0.0,0
M3C000233,CMP_M3,push,0,12,52,47.06,Gold,2.44,2,0.0,0
M3C000234,CMP_M3,Email,15,15,304,95.37,Bronze,2.18,0,0.0,0
M3C000235,CMP_M3,Email,0.15,6,194,49.94,Silver,1.13,0,0.0,0
M3C000236,CMP_M3,Push,0,16,89,41.24,Gold,3.44,8,72.52,1
M3C000237,CMP_M3,Social,0.15,4,38,99.49,Gold,3.58,4,111.63,1
M3C000238,CMP_M3,Social,0.1,1,289,52.13,Gold,1.73,0,0.0,0
M3C000239,CMP_M3,push,0.1,5,151,45.92,Silver,2.63,3,0.0,0
M3C000240,CMP_M3,Social,0,2,150,123.96,Gold,3.95,0,0.0,0
M3C000241,CMP_M3,SMS,0,7,316,45.95,Bronze,1.7,0,0.0,0
M3C000242,CMP_M3,Email,0,13,3,132.61,Silver,0.88,3,74.54,1
M3C000243,CMP_M3,Email,0.15,4,232,121.3,Silver,2.93,3,0.0,0
M3C000244,CMP_M3,push,0.15,16,293,133.51,Silver,0.47,1,0.0,0
M3C000245,CMP_M3,Social,0,13,359,113.91,Bronze,4.9,3,0.0,0
M3C000246,CMP_M3,push,15,14,207,22.38,Silver,2.98,1,0.0,0
M3C000247,CMP_M3,Push,0.05,11,379,70.42,Silver,0.98,2,0.0,0
M3C000248,CMP_M3,push,0.1,9,291,104.47,Silver,1.51,3,0.0,0
M3C000249,CMP_M3,Push,0,2,200,23.36,Bronze,2.65,3,0.0,0
M3C000250,CMP_M3,Email,0.05,10,60,73.61,Silver,1.53,2,0.0,0
M3C000251,CMP_M3,push,0.2,15,176,80.97,Gold,1.22,1,0.0,0
M3C000252,CMP_M3,Social,10,5,148,24.35,Gold,2.87,2,0.0,0
M3C000253,CMP_M3,Email,0,10,63,102.48,Gold,3.09,2,37.33,1
M3C000254,CMP_M3,SMS,0.15,0,349,21.49,Bronze,0.89,2,0.0,0
M3C000255,CMP_M3,Social,0,6,139,21.21,Silver,1.64,1,0.0,0
M3C000256,CMP_M3,Push,0,0,183,22.64,Silver,2.21,2,0.0,0
M3C000257,CMP_M3,Push,0,7,414,119.66,Silver,2.33,0,0.0,0
M3C000258,CMP_M3,push,5,11,38,113.31,Bronze,0.94,1,0.0,0
M3C000259,CMP_M3,SMS,0.2,15,275,143.37,Gold,0.26,8,43.54,1
M3C000260,CMP_M3,push,0.05,13,366,62.68,Silver,3.71,3,0.0,0
M3C000261,CMP_M3,Push,0.15,4,377,131.42,Bronze,3.56,2,0.0,0
M3C000262,CMP_M3,push,0.05,5,283,72.89,Gold,0.86,3,0.0,0
M3C000263,CMP_M3,push,0.2,12,37,143.56,Bronze,0.79,3,0.0,0
M3C000264,CMP_M3,Social,20,0,170,51.94,Gold,2.59,3,0.0,0
M3C000265,CMP_M3,Social,0.2,0,63,71.46,Silver,4.49,3,0.0,0
M3C000266,CMP_M3,push,0.1,9,64,142.12,Gold,3.66,6,156.78,1
M3C000267,CMP_M3,Email,0.15,10,234,35.64,Bronze,1.33,2,0.0,0
M3C000268,CMP_M3,Push,0,11,371,126.69,Silver,0.24,2,0.0,0
M3C000269,CMP_M3,Email,0.15,14,276,32.54,Bronze,0.39,0,0.0,0
M3C000270,CMP_M3,Social,15,15,349,131.96,Bronze,3.37,3,0.0,0
M3C000271,CMP_M3,push,0.15,13,132,118.99,Gold,3.44,1,0.0,0
M3C000272,CMP_M3,push,0.1,14,219,37.99,Silver,3.72,1,0.0,0
M3C000273,CMP_M3,Email,0,13,320,81.96,Gold,4.33,3,0.0,0
M3C000274,CMP_M3,push,0.05,3,74,91.17,Gold,1.59,2,0.0,0
M3C000275,CMP_M3,Push,0.1,2,294,48.0,Gold,2.9,2,0.0,0
M3C000276,CMP_M3,push,20,6,189,37.41,Gold,3.5,2,0.0,0
M3C000277,CMP_M3,Push,0,6,249,40.37,Bronze,4.82,4,146.23,1
M3C000278,CMP_M3,Social,0.2,12,59,92.31,Silver,0.22,1,0.0,0
M3C000279,CMP_M3,push,0.2,16,408,103.85,Gold,1.93,5,110.42,1
M3C000280,CMP_M3,SMS,0.05,2,251,117.62,Gold,0.66,1,0.0,0
M3C000281,CMP_M3,Social,0.15,2,251,47.3,Bronze,2.72,1,0.0,0
M3C000282,CMP_M3,push,5,1,326,64.37,Silver,3.5,0,0.0,0
M3C000283,CMP_M3,push,0.1,14,243,81.14,Bronze,3.1,0,0.0,0
M3C000284,CMP_M3,Social,0.2,3,295,28.46,Gold,4.61,3,0.0,0
M3C000285,CMP_M3,Email,0.05,7,160,45.59,Bronze,2.68,3,0.0,0
M3C000286,CMP_M3,Email,0,4,109,32.47,Bronze,2.92,2,0.0,0
M3C000287,CMP_M3,Email,0,2,358,101.71,Bronze,0.92,2,0.0,0
M3C000288,CMP_M3,Push,5,16,105,134.98,Silver,4.72,3,0.0,0
M3C000289,CMP_M3,Social,0.15,10,77,52.39,Silver,2.42,0,0.0,0
M3C000290,CMP_M3,Email,0.2,6,165,136.23,Silver,1.54,0,0.0,0
M3C000291,CMP_M3,push,0.2,5,321,108.77,Silver,3.85,6,162.11,1
M3C000292,CMP_M3,push,0.05,9,331,110.98,Gold,4.1,1,0.0,0
M3C000293,CMP_M3,Push,0,12,25,105.35,Silver,1.59,3,0.0,0
M3C000294,CMP_M3,Social,10,2,250,142.83,Silver,1.18,2,0.0,0
M3C000295,CMP_M3,SMS,0,15,293,130.45,Bronze,4.11,2,0.0,0
M3C000296,CMP_M3,push,0.1,8,220,29.31,Silver,0.68,0,0.0,0
M3C000297,CMP_M3,SMS,0.2,2,207,128.12,Gold,2.45,0,0.0,0
M3C000298,CMP_M3,Email,0.1,5,245,59.02,Silver,4.06,2,0.0,0
M3C000299,CMP_M3,Push,0.2,15,380,128.91,Gold,1.91,4,89.67,1
M3C000300,CMP_M3,Email,5,15,107,136.88,Gold,3.34,1,0.0,0
M3C000301,CMP_M3,Email,0,10,309,61.17,Gold,3.06,3,0.0,0
M3C000302,CMP_M3,Social,0.1,1,209,131.0,Bronze,0.73,1,0.0,0
M3C000303,CMP_M3,push,0.2,5,287,68.79,Gold,3.07,0,0.0,0
M3C000304,CMP_M3,Email,0,0,12,141.97,Bronze,3.78,3,0.0,0
M3C000305,CMP_M3,Social,0.05,6,391,118.7,Silver,3.15,1,0.0,0
M3C000306,CMP_M3,push,5,7,90,90.93,Gold,0.34,3,0.0,0
M3C000307,CMP_M3,Social,0.05,8,417,50.41,Bronze,4.39,1,0.0,0
M3C000308,CMP_M3,SMS,0.2,3,354,97.6,Bronze,1.43,3,0.0,0
M3C000309,CMP_M3,push,0.1,14,230,63.34,Silver,3.45,1,0.0,0
M3C000310,CMP_M3,Social,0.15,6,368,112.95,Gold,3.9,0,0.0,0
M3C000311,CMP_M3,Social,0.2,9,12,41.06,Gold,1.35,3,0.0,0
M3C000312,CMP_M3,SMS,20,13,150,136.86,Gold,4.45,7,49.01,1
M3C000313,CMP_M3,Email,0.05,15,150,23.6,Silver,3.25,0,0.0,0
M3C000314,CMP_M3,SMS,0.2,6,373,96.03,Gold,0.96,1,0.0,0
M3C000315,CMP_M3,Push,0,16,74,61.59,Silver,4.4,5,65.62,1
M3C000316,CMP_M3,Email,0.2,11,110,95.15,Silver,3.55,2,0.0,0
M3C000317,CMP_M3,push,0.2,10,197,40.25,Silver,2.93,1,0.0,0
M3C000318,CMP_M3,Social,0,10,416,132.79,Silver,3.27,2,0.0,0
M3C000319,CMP_M3,push,0.2,12,406,129.61,Silver,3.46,1,0.0,0
M3C000320,CMP_M3,push,0,13,349,79.34,Gold,4.61,0,0.0,0
M3C000321,CMP_M3,push,0.2,10,34,123.04,Bronze,0.54,2,0.0,0
M3C000322,CMP_M3,Social,0.05,9,58,74.4,Silver,2.26,0,0.0,0
M3C000323,CMP_M3,push,0,7,383,68.61,Gold,4.86,2,0.0,0
M3C000324,CMP_M3,push,5,15,70,116.68,Gold,3.67,1,0.0,0
M3C000325,CMP_M3,Email,0.1,2,284,114.72,Gold,4.33,0,0.0,0
M3C000326,CMP_M3,Social,0.1,8,7,55.21,Bronze,3.81,2,137.21,1
M3C000327,CMP_M3,Social,0.15,15,186,69.53,Silver,4.34,8,96.43,1
M3C000328,CMP_M3,Push,0.2,3,205,117.8,Bronze,2.6,1,0.0,0
M3C000329,CMP_M3,push,0.05,8,180,81.21,Gold,3.44,0,0.0,0
M3C000330,CMP_M3,push,20,4,93,84.14,Silver,3.64,3,0.0,0
M3C000331,CMP_M3,SMS,0.2,16,110,102.82,Bronze,0.73,3,35.06,1
M3C000332,CMP_M3,Email,0,13,396,113.4,Gold,4.57,3,0.0,0
M3C000333,CMP_M3,push,0.2,14,376,79.42,Bronze,1.98,2,0.0,0
M3C000334,CMP_M3,Social,0.15,14,107,97.12,Silver,1.51,0,0.0,0
M3C000335,CMP_M3,SMS,0.15,6,222,123.25,Bronze,4.27,0,0.0,0
M3C000336,CMP_M3,Social,5,1,404,80.55,Bronze,4.81,2,0.0,0
M3C000337,CMP_M3,SMS,0.2,14,308,99.25,Bronze,1.98,1,0.0,0
M3C000338,CMP_M3,Email,0.15,3,75,102.57,Gold,4.0,1,0.0,0
M3C000339,CMP_M3,Push,0.1,0,136,69.75,Gold,4.17,2,0.0,0
M3C000340,CMP_M3,Email,0.2,14,345,123.79,Silver,2.26,1,0.0,0
M3C000341,CMP_M3,Social,0.15,8,139,61.46,Gold,1.78,2,0.0,0
M3C000342,CMP_M3,Push,5,8,355,54.09,Silver,4.29,1,0.0,0
M3C000343,CMP_M3,Social,0,16,406,71.54,Silver,4.88,8,157.88,1
M3C000344,CMP_M3,Push,0.15,8,190,123.57,Silver,1.76,3,89.78,1
M3C000345,CMP_M3,push,0,6,177,122.87,Gold,3.14,7,77.07,1
M3C000346,CMP_M3,Email,0.2,3,214,105.5,Bronze,3.45,2,0.0,0
M3C000347,CMP_M3,push,0.05,12,41,89.78,Gold,0.79,2,0.0,0
M3C000348,CMP_M3,SMS,0,9,340,119.57,Gold,4.41,0,0.0,0
M3C000349,CMP_M3,Social,0,8,234,24.55,Silver,1.26,6,165.12,1
M3C000350,CMP_M3,Email,0.1,15,376,110.33,Bronze,2.92,0,0.0,0
M3C000351,CMP_M3,push,0,2,153,91.07,Bronze,4.05,3,0.0,0
M3C000352,CMP_M3,SMS,0.05,15,218,139.01,Silver,1.92,0,0.0,0
M3C000353,CMP_M3,Email,0.2,7,108,54.27,Gold,3.32,6,38.73,1
M3C000354,CMP_M3,push,20,10,39,68.0,Bronze,0.25,3,0.0,0
M3C000355,CMP_M3,SMS,0.15,11,135,82.38,Silver,2.13,3,0.0,0
M3C000356,CMP_M3,Push,0.15,13,346,143.65,Bronze,2.72,2,0.0,0
M3C000357,CMP_M3,Email,0.1,4,18,36.6,Gold,3.49,0,0.0,0
M3C000358,CMP_M3,Push,0.2,10,116,93.48,Silver,1.45,2,0.0,0
M3C000359,CMP_M3,Social,0.1,3,144,66.58,Gold,3.06,2,0.0,0
M3C000360,CMP_M3,Email,0,3,148,135.15,Gold,2.21,2,0.0,0
M3C000361,CMP_M3,Push,0.1,1,211,55.81,Bronze,3.79,2,0.0,0
M3C000362,CMP_M3,SMS,0.05,5,354,115.83,Bronze,2.81,3,0.0,0
M3C000363,CMP_M3,SMS,0.05,9,142,137.05,Gold,3.01,2,0.0,0
M3C000364,CMP_M3,SMS,0,11,351,71.72,Bronze,3.74,0,0.0,0
M3C000365,CMP_M3,SMS,0.2,3,163,62.13,Gold,2.45,3,0.0,0
M3C000366,CMP_M3,push,0,7,174,128.87,Gold,3.33,1,0.0,0
M3C000367,CMP_M3,Push,0.1,13,378,135.97,Silver,1.91,0,0.0,0
M3C000368,CMP_M3,Email,0.15,15,70,33.99,Silver,2.77,8,174.52,1
M3C000369,CMP_M3,SMS,0.15,10,90,28.9,Bronze,2.91,5,89.93,1
M3C000370,CMP_M3,SMS,0.2,4,79,38.41,Bronze,1.7,1,0.0,0
M3C000371,CMP_M3,Social,0,13,104,74.12,Gold,2.94,0,0.0,0
M3C000372,CMP_M3,SMS,0,6,375,65.3,Silver,3.28,1,0.0,0
M3C000373,CMP_M3,SMS,0,0,188,35.28,Bronze,0.91,0,0.0,0
M3C000374,CMP_M3,Email,0.05,13,237,75.22,Bronze,4.56,3,0.0,0
M3C000375,CMP_M3,Social,0.2,12,287,79.85,Gold,3.54,3,0.0,0
M3C000376,CMP_M3,Social,0.1,11,294,24.76,Bronze,0.95,0,0.0,0
M3C000377,CMP_M3,SMS,0,15,65,22.89,Silver,1.48,3,0.0,0
M3C000378,CMP_M3,push,15,9,89,79.02,Gold,4.1,1,0.0,0
M3C000379,CMP_M3,Social,0.05,1,323,91.58,Bronze,2.28,1,0.0,0
M3C000380,CMP_M3,SMS,0.2,1,390,50.52,Silver,2.66,2,0.0,0
M3C000381,CMP_M3,Social,0.05,14,56,111.66,Gold,4.04,1,0.0,0
M3C000382,CMP_M3,Push,0.15,4,315,71.09,Bronze,1.66,0,0.0,0
M3C000383,CMP_M3,Email,0.15,3,253,74.96,Gold,4.68,0,0.0,0
M3C000384,CMP_M3,Social,0,13,6,138.66,Gold,1.08,1,0.0,0
M3C000385,CMP_M3,SMS,0,10,56,116.37,Silver,1.37,0,0.0,0
M3C000386,CMP_M3,SMS,0,3,384,96.47,Gold,4.83,2,0.0,0
M3C000387,CMP_M3,push,0.1,5,119,135.05,Silver,4.41,1,0.0,0
M3C000388,CMP_M3,Email,0.1,9,295,119.93,Bronze,2.64,5,36.63,1
M3C000389,CMP_M3,Push,0.15,11,49,43.04,Silver,2.45,1,0.0,0
M3C000390,CMP_M3,SMS,15,4,298,74.77,Gold,2.64,1,0.0,0
M3C000391,CMP_M3,Push,0.1,0,245,65.97,Bronze,3.72,1,0.0,0
M3C000392,CMP_M3,Social,0.2,0,281,84.43,Silver,3.27,2,0.0,0
M3C000393,CMP_M3,SMS,0,12,278,105.18,Bronze,4.31,3,0.0,0
M3C000394,CMP_M3,Email,0,0,335,115.5,Gold,2.28,2,0.0,0
M3C000395,CMP_M3,Push,0.05,4,129,113.07,Gold,1.83,7,100.04,1
M3C000396,CMP_M3,SMS,0,6,92,120.36,Gold,1.4,2,0.0,0
M3C000397,CMP_M3,push,0.1,7,292,92.24,Silver,3.2,2,0.0,0
M3C000398,CMP_M3,SMS,0.2,10,95,141.06,Silver,3.83,1,0.0,0
M3C000399,CMP_M3,Push,0,11,337,86.13,Bronze,3.89,7,131.59,1
M3C000400,CMP_M3,push,0.05,16,71,,Silver,1.25,1,0.0,0
M3C000401,CMP_M3,push,0.1,9,293,76.83,Bronze,3.08,2,0.0,0
M3C000402,CMP_M3,push,10,6,135,96.4,Gold,3.2,0,0.0,0
M3C000403,CMP_M3,SMS,0,15,284,22.52,Gold,0.61,2,0.0,0
M3C000404,CMP_M3,push,0.1,14,55,101.21,Silver,2.96,2,0.0,0
M3C000405,CMP_M3,Push,0.1,1,283,69.42,Silver,4.79,0,0.0,0
M3C000406,CMP_M3,Email,0.1,15,1,104.19,Bronze,4.63,2,0.0,0
M3C000407,CMP_M3,Social,0.2,4,290,41.96,Bronze,2.51,3,0.0,0
M3C000408,CMP_M3,push,20,5,388,103.29,Silver,0.51,3,0.0,0
M3C000409,CMP_M3,push,0.1,3,22,80.72,Gold,4.59,7,139.65,1
M3C000410,CMP_M3,SMS,0.15,12,296,115.45,Gold,3.62,0,0.0,0
M3C000411,CMP_M3,Email,0.05,8,62,22.4,Gold,1.38,3,142.06,1
M3C000412,CMP_M3,Push,0.2,4,67,137.57,Gold,1.94,2,0.0,0
M3C000413,CMP_M3,Push,0.15,10,110,136.09,Gold,3.29,1,0.0,0
M3C000414,CMP_M3,Push,10,2,385,54.89,Silver,3.21,1,0.0,0
M3C000415,CMP_M3,push,0.1,2,220,133.35,Gold,3.79,0,0.0,0
M3C000416,CMP_M3,push,0,8,130,115.08,Silver,0.31,0,0.0,0
M3C000417,CMP_M3,SMS,0.05,1,344,137.97,Gold,1.13,0,0.0,0
M3C000418,CMP_M3,SMS,0.15,5,353,66.92,Gold,3.09,3,0.0,0
M3C000419,CMP_M3,Social,0.2,8,90,122.07,Silver,3.49,3,0.0,0
M3C000420,CMP_M3,Push,10,15,260,67.93,Bronze,4.19,7,57.75,1
M3C000421,CMP_M3,SMS,0.2,14,14,94.72,Bronze,1.08,0,0.0,0
M3C000422,CMP_M3,SMS,0.05,5,94,99.35,Silver,3.69,0,0.0,0
M3C000423,CMP_M3,Email,0.1,12,314,134.75,Gold,2.88,4,108.6,1
M3C000424,CMP_M3,Email,0.05,10,174,136.98,Bronze,2.38,1,0.0,0
M3C000425,CMP_M3,SMS,0.05,14,257,77.21,Bronze,0.76,2,0.0,0
M3C000426,CMP_M3,Push,5,13,191,18.06,Silver,2.61,3,0.0,0
M3C000427,CMP_M3,Social,0.1,11,348,38.69,Bronze,0.66,3,0.0,0
M3C000428,CMP_M3,push,0.05,15,315,50.45,Gold,4.73,3,0.0,0
M3C000429,CMP_M3,push,0.2,5,37,98.37,Gold,0.45,7,36.58,1
M3C000430,CMP_M3,SMS,0.05,14,371,126.02,Silver,1.42,0,0.0,0
M3C000431,CMP_M3,push,0.15,7,150,103.02,Silver,1.95,0,0.0,0
M3C000432,CMP_M3,push,0,10,168,88.82,Bronze,4.05,1,0.0,0
M3C000433,CMP_M3,Push,0.15,12,291,74.39,Gold,4.64,3,0.0,0
M3C000434,CMP_M3,Social,0,7,368,60.15,Gold,4.51,2,0.0,0
M3C000435,CMP_M3,SMS,0.15,3,268,44.29,Silver,1.39,7,159.87,1
M3C000436,CMP_M3,SMS,0.15,5,393,136.14,Silver,1.9,1,0.0,0
M3C000437,CMP_M3,Social,0.2,2,57,102.6,Gold,3.61,3,0.0,0
M3C000438,CMP_M3,Push,5,15,279,140.98,Silver,0.86,1,0.0,0
M3C000439,CMP_M3,SMS,0.1,6,213,52.42,Gold,1.67,0,0.0,0
M3C000440,CMP_M3,SMS,0,12,135,132.47,Silver,0.53,1,0.0,0
M3C000441,CMP_M3,push,0.15,7,346,108.24,Gold,3.03,0,0.0,0
M3C000442,CMP_M3,Push,0.1,7,411,128.81,Bronze,2.8,1,0.0,0
M3C000443,CMP_M3,Push,0.1,4,166,137.81,Gold,1.02,3,0.0,0
M3C000444,CMP_M3,Email,10,8,262,122.54,Silver,1.14,2,0.0,0
M3C000445,CMP_M3,Social,0.2,11,331,83.74,Bronze,2.92,2,0.0,0
M3C000446,CMP_M3,push,0.1,15,386,26.98,Bronze,2.1,8,174.58,1
M3C000447,CMP_M3,Social,0,7,381,56.52,Bronze,4.56,0,0.0,0
M3C000448,CMP_M3,Push,0.15,5,194,74.34,Bronze,1.02,6,60.47,1
M3C000449,CMP_M3,Push,0.05,0,207,55.4,Silver,2.63,1,0.0,0
M3C000450,CMP_M3,Push,15,2,341,129.56,Gold,3.38,0,0.0,0
M3C000451,CMP_M3,Push,0.15,14,326,105.43,Gold,4.07,0,0.0,0
M3C000452,CMP_M3,push,0.15,14,220,144.24,Gold,3.46,2,0.0,0
M3C000453,CMP_M3,push,0.2,4,136,82.43,Gold,1.72,2,0.0,0
M3C000454,CMP_M3,SMS,0.1,11,325,35.21,Bronze,0.95,0,0.0,0
M3C000455,CMP_M3,Email,0.05,3,95,76.89,Bronze,2.01,0,0.0,0
M3C000456,CMP_M3,push,0,13,258,93.42,Bronze,2.62,3,0.0,0
M3C000457,CMP_M3,push,0.05,12,97,83.33,Bronze,4.51,3,89.29,1
M3C000458,CMP_M3,SMS,0.15,8,67,82.3,Silver,0.21,0,0.0,0
M3C000459,CMP_M3,SMS,0.15,13,405,73.81,Silver,3.82,3,0.0,0
M3C000460,CMP_M3,Social,0.1,11,55,130.66,Gold,3.7,8,142.34,1
M3C000461,CMP_M3,Email,0.05,1,49,46.88,Silver,0.88,1,0.0,0
M3C000462,CMP_M3,SMS,5,16,228,124.05,Bronze,4.86,2,0.0,0
M3C000463,CMP_M3,Social,0.1,1,120,42.38,Gold,2.12,2,0.0,0
M3C000464,CMP_M3,Email,0.2,2,13,130.3,Silver,1.41,2,0.0,0
M3C000465,CMP_M3,Push,0.05,10,312,72.54,Gold,4.16,2,0.0,0
M3C000466,CMP_M3,Push,0,12,215,124.55,Silver,1.36,2,0.0,0
M3C000467,CMP_M3,Social,0,11,391,131.83,Silver,0.83,2,0.0,0
M3C000468,CMP_M3,Push,20,1,258,99.09,Bronze,1.4,3,0.0,0
M3C000469,CMP_M3,Social,0.15,5,56,132.36,Bronze,1.13,1,0.0,0
M3C000470,CMP_M3,Social,0.1,7,89,24.46,Gold,1.73,3,0.0,0
M3C000471,CMP_M3,Social,0.15,14,174,84.28,Silver,2.02,0,0.0,0
M3C000472,CMP_M3,Social,0,14,115,72.35,Bronze,3.97,0,0.0,0
M3C000473,CMP_M3,Email,0.2,8,229,51.11,Gold,2.39,5,157.88,1
M3C000474,CMP_M3,push,20,7,395,59.17,Bronze,2.82,1,0.0,0
M3C000475,CMP_M3,SMS,0.1,15,295,97.59,Gold,1.46,0,0.0,0
M3C000476,CMP_M3,push,0.05,6,220,130.08,Gold,4.67,1,0.0,0
M3C000477,CMP_M3,Email,0.15,10,31,105.06,Gold,1.92,2,0.0,0
M3C000478,CMP_M3,Social,0.1,10,366,111.36,Bronze,3.46,3,0.0,0
M3C000479,CMP_M3,Social,0.05,10,98,136.77,Gold,2.8,1,0.0,0
M3C000480,CMP_M3,Push,20,16,231,83.77,Gold,0.41,3,0.0,0
M3C000481,CMP_M3,SMS,0.2,13,182,85.91,Silver,4.35,2,0.0,0
M3C000482,CMP_M3,Email,0.2,0,205,96.99,Silver,3.66,2,0.0,0
M3C000483,CMP_M3,SMS,0.2,10,158,82.73,Bronze,2.55,2,0.0,0
M3C000484,CMP_M3,Social,0.1,13,277,110.81,Gold,1.97,2,0.0,0
M3C000485,CMP_M3,push,0.15,15,134,48.43,Bronze,2.28,0,0.0,0
M3C000486,CMP_M3,SMS,5,4,347,117.87,Gold,1.76,0,0.0,0
M3C000487,CMP_M3,Push,0.15,4,55,18.34,Bronze,0.77,0,0.0,0
M3C000488,CMP_M3,Social,0,8,98,36.59,Silver,2.15,0,0.0,0
M3C000489,CMP_M3,Push,0.15,2,112,21.03,Gold,1.99,3,127.04,1
M3C000490,CMP_M3,Push,0.05,13,301,101.52,Silver,4.22,5,145.89,1
M3C000491,CMP_M3,SMS,0.05,13,379,39.3,Bronze,4.82,3,0.0,0
M3C000492,CMP_M3,push,20,12,67,80.16,Bronze,1.93,3,72.79,1
M3C000493,CMP_M3,Email,0.1,7,314,64.18,Bronze,1.5,0,0.0,0
M3C000494,CMP_M3,push,0.15,11,27,25.21,Silver,2.98,1,0.0,0
M3C000495,CMP_M3,SMS,0.2,6,26,63.79,Bronze,1.03,1,0.0,0
M3C000496,CMP_M3,Social,0.15,3,121,35.67,Silver,1.72,2,0.0,0
M3C000497,CMP_M3,Push,0.1,12,394,138.47,Bronze,2.19,3,0.0,0
M3C000498,CMP_M3,push,15,8,64,85.64,Gold,2.13,2,0.0,0
M3C000499,CMP_M3,Social,0.05,7,348,43.1,Gold,2.59,3,0.0,0
M3C000500,CMP_M3,Push,0,7,189,55.88,Bronze,3.98,0,0.0,0
M3C000501,CMP_M3,Push,0.2,1,170,95.69,Silver,3.22,6,31.55,1
M3C000502,CMP_M3,Push,0.1,8,215,110.5,Gold,4.24,3,0.0,0
M3C000503,CMP_M3,SMS,0,3,336,100.72,Gold,4.16,3,0.0,0
M3C000504,CMP_M3,Social,20,11,415,115.92,Gold,3.45,3,0.0,0
M3C000505,CMP_M3,Push,0.15,13,64,142.54,Bronze,1.87,0,0.0,0
M3C000506,CMP_M3,Email,0.1,9,268,39.56,Silver,4.48,0,0.0,0
M3C000507,CMP_M3,push,0.2,8,241,92.07,Bronze,2.63,3,0.0,0
M3C000508,CMP_M3,Push,0.1,5,107,118.66,Silver,3.6,0,0.0,0
M3C000509,CMP_M3,SMS,0.2,15,49,130.32,Gold,4.38,1,0.0,0
M3C000510,CMP_M3,Email,15,10,10,132.2,Gold,1.29,2,0.0,0
M3C000511,CMP_M3,Email,0,5,260,93.17,Silver,1.73,0,0.0,0
M3C000512,CMP_M3,SMS,0.15,1,392,60.53,Bronze,3.3,1,0.0,0
M3C000513,CMP_M3,Social,0.1,5,106,27.24,Silver,1.53,3,0.0,0
M3C000514,CMP_M3,Social,0.2,10,200,35.27,Bronze,2.38,2,0.0,0
M3C000515,CMP_M3,Push,0.2,0,71,46.96,Bronze,3.39,3,0.0,0
M3C000516,CMP_M3,Social,20,3,366,47.35,Silver,3.19,3,0.0,0
M3C000517,CMP_M3,Social,0.1,12,215,96.08,Gold,0.74,0,0.0,0
M3C000518,CMP_M3,Email,0.2,2,365,136.99,Bronze,1.61,1,0.0,0
M3C000519,CMP_M3,Social,0.2,7,55,140.28,Silver,2.24,2,58.89,1
M3C000520,CMP_M3,Social,0.2,6,397,21.07,Bronze,2.35,4,63.41,1
M3C000521,CMP_M3,SMS,0.15,14,166,26.82,Bronze,3.15,3,0.0,0
M3C000522,CMP_M3,push,10,16,125,123.22,Bronze,0.65,1,0.0,0
M3C000523,CMP_M3,Push,0.05,12,185,76.76,Bronze,1.84,0,0.0,0
M3C000524,CMP_M3,SMS,0.1,1,44,96.59,Bronze,3.66,3,47.81,1
M3C000525,CMP_M3,Email,0.2,16,58,121.16,Gold,2.86,7,123.14,1
M3C000526,CMP_M3,Push,0.15,0,272,43.68,Gold,4.06,1,0.0,0
M3C000527,CMP_M3,SMS,0.15,15,10,49.59,Bronze,2.48,3,0.0,0
M3C000528,CMP_M3,Push,10,2,218,143.12,Gold,2.59,0,0.0,0
M3C000529,CMP_M3,push,0.2,5,349,136.75,Bronze,3.81,2,0.0,0
M3C000530,CMP_M3,Email,0.15,15,168,63.63,Gold,1.22,0,0.0,0
M3C000531,CMP_M3,Social,0.2,10,325,89.8,Gold,2.27,1,0.0,0
M3C000532,CMP_M3,SMS,0.1,6,277,56.18,Bronze,2.91,1,0.0,0
M3C000533,CMP_M3,SMS,0.05,0,197,64.38,Silver,3.12,0,0.0,0
M3C000534,CMP_M3,Push,0,2,106,69.5,Silver,3.25,2,0.0,0
M3C000535,CMP_M3,Push,0,9,4,27.46,Gold,0.99,3,0.0,0
M3C000536,CMP_M3,Email,0.2,11,86,32.33,Bronze,0.64,2,0.0,0
M3C000537,CMP_M3,SMS,0,10,90,82.82,Bronze,3.65,0,0.0,0
M3C000538,CMP_M3,push,0.05,5,98,101.15,Bronze,4.49,3,0.0,0
M3C000539,CMP_M3,Push,0.05,9,308,118.43,Gold,1.04,4,45.42,1
M3C000540,CMP_M3,Social,5,6,336,83.37,Bronze,2.67,0,0.0,0
M3C000541,CMP_M3,Social,0.05,13,269,96.74,Bronze,0.53,2,0.0,0
M3C000542,CMP_M3,SMS,0.15,8,148,60.01,Silver,3.58,2,120.92,1
M3C000543,CMP_M3,SMS,0.1,7,283,69.19,Gold,1.11,2,0.0,0
M3C000544,CMP_M3,Social,0.05,11,365,71.28,Silver,3.98,1,0.0,0
M3C000545,CMP_M3,Push,0.2,6,169,82.39,Bronze,2.33,1,0.0,0
M3C000546,CMP_M3,SMS,5,5,145,113.63,Bronze,4.23,2,0.0,0
M3C000547,CMP_M3,Social,0.2,11,318,74.46,Gold,3.53,1,0.0,0
M3C000548,CMP_M3,SMS,0.15,3,37,77.33,Bronze,2.1,6,102.39,1
M3C000549,CMP_M3,push,0.05,13,216,76.06,Silver,0.67,1,0.0,0
M3C000550,CMP_M3,Push,0,13,225,21.55,Gold,4.52,2,0.0,0
M3C000551,CMP_M3,push,0.1,12,121,83.71,Gold,1.36,2,0.0,0
M3C000552,CMP_M3,push,15,3,67,62.93,Silver,2.92,1,0.0,0
M3C000553,CMP_M3,Social,0.1,11,78,123.47,Bronze,4.41,1,0.0,0
M3C000554,CMP_M3,Social,0.15,6,346,110.89,Bronze,3.07,3,0.0,0
M3C000555,CMP_M3,push,0.2,4,133,20.83,Silver,3.49,3,0.0,0
M3C000556,CMP_M3,SMS,0.15,4,26,119.01,Silver,4.23,3,0.0,0
M3C000557,CMP_M3,push,0.1,8,163,132.46,Bronze,0.68,0,0.0,0
M3C000558,CMP_M3,Email,0,13,80,63.75,Silver,3.02,2,0.0,0
M3C000559,CMP_M3,Social,0.05,5,99,33.93,Silver,4.77,0,0.0,0
M3C000560,CMP_M3,Email,0.1,10,25,99.52,Silver,4.49,3,0.0,0
M3C000561,CMP_M3,push,0.1,15,72,47.87,Gold,0.94,2,0.0,0
M3C000562,CMP_M3,Push,0.15,4,249,66.1,Bronze,4.69,1,0.0,0
M3C000563,CMP_M3,Push,0.05,10,294,111.71,Bronze,0.58,0,0.0,0
M3C000564,CMP_M3,SMS,20,12,150,45.96,Gold,0.69,3,0.0,0
M3C000565,CMP_M3,SMS,0.1,5,338,59.0,Gold,4.75,3,0.0,0
M3C000566,CMP_M3,Social,0.1,3,342,139.52,Bronze,2.32,0,0.0,0
M3C000567,CMP_M3,SMS,0,12,89,74.98,Bronze,4.88,2,0.0,0
M3C000568,CMP_M3,push,0.05,13,317,140.96,Bronze,2.84,2,95.54,1
M3C000569,CMP_M3,Email,0.15,12,237,64.4,Gold,3.57,0,0.0,0
M3C000570,CMP_M3,Push,5,10,392,71.55,Bronze,2.74,3,0.0,0
M3C000571,CMP_M3,Email,0.05,14,84,64.64,Bronze,4.11,1,0.0,0
M3C000572,CMP_M3,Push,0.2,10,123,93.45,Bronze,2.16,1,0.0,0
M3C000573,CMP_M3,Email,0.05,7,11,59.21,Gold,4.66,2,0.0,0
M3C000574,CMP_M3,push,0,7,28,75.23,Silver,2.04,3,0.0,0
M3C000575,CMP_M3,push,0.15,2,118,132.75,Silver,2.75,2,62.78,1
M3C000576,CMP_M3,Social,10,0,55,140.4,Bronze,3.48,2,0.0,0
M3C000577,CMP_M3,Social,0,6,305,40.96,Silver,4.2,3,0.0,0
M3C000578,CMP_M3,SMS,0.05,4,349,130.87,Gold,0.5,2,0.0,0
M3C000579,CMP_M3,Push,0.1,4,107,34.86,Gold,4.39,0,0.0,0
M3C000580,CMP_M3,Push,0.2,0,13,101.08,Gold,3.87,1,79.37,1
M3C000581,CMP_M3,Social,0.05,2,251,81.58,Silver,2.87,0,0.0,0
M3C000582,CMP_M3,Push,0,5,349,135.61,Gold,2.56,1,0.0,0
M3C000583,CMP_M3,push,0.1,3,205,24.39,Silver,0.37,0,0.0,0
M3C000584,CMP_M3,push,0.15,3,340,113.81,Bronze,1.36,0,0.0,0
M3C000585,CMP_M3,SMS,0.2,13,260,48.98,Silver,4.45,2,0.0,0
M3C000586,CMP_M3,SMS,0.05,1,134,127.11,Bronze,0.23,0,0.0,0
M3C000587,CMP_M3,Push,0.15,4,295,38.99,Silver,2.7,2,0.0,0
M3C000588,CMP_M3,push,10,9,244,59.59,Bronze,1.57,0,0.0,0
M3C000589,CMP_M3,Push,0.2,16,35,28.93,Bronze,0.67,2,0.0,0
M3C000590,CMP_M3,push,0.2,13,160,73.19,Bronze,1.15,1,0.0,0
M3C000591,CMP_M3,push,0.1,10,344,114.57,Silver,1.76,2,0.0,0
M3C000592,CMP_M3,Social,0.2,6,237,90.13,Silver,1.73,0,0.0,0
M3C000593,CMP_M3,Push,0.15,4,286,110.4,Silver,1.5,1,0.0,0
M3C000594,CMP_M3,push,15,0,189,106.04,Bronze,3.14,2,0.0,0
M3C000595,CMP_M3,push,0.15,15,164,87.03,Bronze,4.26,0,0.0,0
M3C000596,CMP_M3,Email,0.15,16,316,87.81,Silver,0.92,1,0.0,0
M3C000597,CMP_M3,Social,0.15,16,268,74.09,Bronze,3.36,3,0.0,0
M3C000598,CMP_M3,Email,0.15,12,297,89.15,Gold,3.72,1,0.0,0
M3C000599,CMP_M3,Push,0.15,14,207,44.3,Gold,2.42,3,0.0,0
M3C000600,CMP_M3,SMS,15,3,8,43.93,Silver,1.41,1,0.0,0
M3C000601,CMP_M3,Email,0.2,10,105,75.84,Gold,3.79,6,146.52,1
M3C000602,CMP_M3,push,0.2,5,89,33.07,Gold,1.89,0,0.0,0
M3C000603,CMP_M3,Social,0.2,7,332,80.66,Silver,2.27,3,0.0,0
M3C000604,CMP_M3,Social,0.05,15,350,48.29,Silver,1.47,3,0.0,0
M3C000605,CMP_M3,push,0.2,0,228,141.59,Bronze,1.32,3,0.0,0
M3C000606,CMP_M3,Push,10,14,10,144.85,Bronze,3.78,1,0.0,0
M3C000607,CMP_M3,Push,0.2,4,328,29.65,Gold,2.77,1,0.0,0
M3C000608,CMP_M3,push,0.1,13,353,27.15,Bronze,3.62,2,0.0,0
M3C000609,CMP_M3,Push,0,9,386,134.93,Gold,1.43,1,0.0,0
M3C000610,CMP_M3,Social,0.15,5,223,137.94,Bronze,0.45,2,159.76,1
M3C000611,CMP_M3,Push,0.05,12,324,60.41,Gold,3.34,0,0.0,0
M3C000612,CMP_M3,Social,5,14,158,69.26,Bronze,4.03,5,121.21,1
M3C000613,CMP_M3,Push,0,15,25,26.59,Bronze,1.54,2,0.0,0
M3C000614,CMP_M3,Push,0.05,12,127,143.98,Silver,1.67,0,0.0,0
M3C000615,CMP_M3,push,0.15,0,116,64.74,Bronze,4.38,1,0.0,0
M3C000616,CMP_M3,Email,0.2,3,69,89.29,Bronze,1.57,2,0.0,0
M3C000617,CMP_M3,push,0.05,10,390,61.12,Silver,4.08,1,0.0,0
M3C000618,CMP_M3,push,15,8,119,141.86,Bronze,2.88,1,0.0,0
M3C000619,CMP_M3,Social,0.1,15,418,99.05,Bronze,0.37,1,0.0,0
M3C000620,CMP_M3,Social,0.05,8,205,34.44,Gold,0.76,1,0.0,0
M3C000621,CMP_M3,SMS,0,5,29,70.99,Gold,3.39,0,0.0,0
M3C000622,CMP_M3,Push,0.2,12,320,39.26,Silver,2.9,1,0.0,0
M3C000623,CMP_M3,Email,0.15,11,159,72.07,Silver,3.36,0,0.0,0
M3C000624,CMP_M3,push,0,1,112,61.05,Bronze,2.2,1,0.0,0
M3C000625,CMP_M3,SMS,0.15,1,95,91.52,Bronze,1.39,1,0.0,0
M3C000626,CMP_M3,push,0.2,0,370,59.41,Bronze,2.53,1,0.0,0
M3C000627,CMP_M3,push,0.1,0,85,35.41,Silver,1.18,7,90.19,1
M3C000628,CMP_M3,push,0.05,12,9,99.76,Silver,4.41,2,0.0,0
M3C000629,CMP_M3,SMS,0.1,14,72,27.43,Bronze,2.98,0,0.0,0
M3C000630,CMP_M3,SMS,20,14,51,40.2,Bronze,2.6,2,0.0,0
M3C000631,CMP_M3,Push,0.2,12,383,26.16,Bronze,2.5,1,68.72,1
M3C000632,CMP_M3,push,0.05,16,166,129.3,Gold,2.88,2,0.0,0
M3C000633,CMP_M3,SMS,0,4,128,82.23,Gold,0.42,2,0.0,0
M3C000634,CMP_M3,push,0.2,11,49,103.22,Bronze,0.39,2,0.0,0
M3C000635,CMP_M3,SMS,0.15,8,346,61.75,Silver,1.63,1,0.0,0
M3C000636,CMP_M3,push,10,13,264,76.68,Gold,3.27,3,0.0,0
M3C000637,CMP_M3,Push,0.05,0,33,115.54,Bronze,4.02,1,0.0,0
M3C000638,CMP_M3,push,0,4,217,50.87,Silver,3.48,2,0.0,0
M3C000639,CMP_M3,Social,0.2,8,178,107.34,Bronze,1.45,2,0.0,0
M3C000640,CMP_M3,Social,0.1,7,377,26.75,Silver,1.72,3,0.0,0
M3C000641,CMP_M3,Social,0.05,15,338,138.58,Gold,0.73,1,0.0,0
M3C000642,CMP_M3,Email,0,7,130,68.03,Bronze,4.87,2,74.73,1
M3C000643,CMP_M3,Push,0.05,2,235,75.96,Bronze,3.77,1,0.0,0
M3C000644,CMP_M3,push,0.1,9,123,83.79,Silver,1.3,4,138.92,1
M3C000645,CMP_M3,push,0.05,14,224,120.15,Bronze,4.23,2,0.0,0
M3C000646,CMP_M3,SMS,0.1,2,5,120.47,Gold,1.83,2,0.0,0
M3C000647,CMP_M3,Social,0.05,12,57,119.82,Silver,1.09,3,142.94,1
M3C000648,CMP_M3,SMS,10,13,249,94.32,Gold,1.6,0,0.0,0
M3C000649,CMP_M3,push,0.05,1,128,56.31,Gold,2.67,0,0.0,0
M3C000650,CMP_M3,Email,0.15,1,196,127.59,Bronze,1.31,0,0.0,0
M3C000651,CMP_M3,Social,0.05,6,55,31.15,Gold,4.4,3,0.0,0
M3C000652,CMP_M3,Email,0.05,11,88,43.21,Bronze,2.9,0,0.0,0
M3C000653,CMP_M3,Social,0.15,1,356,44.97,Silver,3.04,1,0.0,0
M3C000654,CMP_M3,push,5,12,84,68.4,Gold,1.0,5,128.82,1
M3C000655,CMP_M3,Push,0,4,159,86.98,Silver,3.04,1,0.0,0
M3C000656,CMP_M3,SMS,0.15,10,380,37.16,Gold,3.5,3,0.0,0
M3C000657,CMP_M3,Social,0.05,11,41,142.77,Gold,0.27,1,0.0,0
M3C000658,CMP_M3,SMS,0,6,85,66.13,Gold,4.01,1,0.0,0
M3C000659,CMP_M3,Push,0.15,11,18,65.39,Bronze,2.93,1,39.37,1
M3C000660,CMP_M3,Social,20,1,43,63.57,Gold,3.44,1,0.0,0
M3C000661,CMP_M3,Push,0.05,15,304,100.16,Gold,1.62,1,0.0,0
M3C000662,CMP_M3,Social,0.1,6,381,112.9,Silver,0.74,0,0.0,0
M3C000663,CMP_M3,Social,0.05,9,243,108.85,Bronze,0.43,2,0.0,0
M3C000664,CMP_M3,push,0.2,3,401,116.15,Gold,0.99,0,0.0,0
M3C000665,CMP_M3,Social,0.05,11,22,118.89,Bronze,2.63,0,0.0,0
M3C000666,CMP_M3,push,15,9,293,103.42,Bronze,4.64,2,0.0,0
M3C000667,CMP_M3,SMS,0.05,16,408,64.98,Silver,3.22,2,0.0,0
M3C000668,CMP_M3,SMS,0,7,34,35.0,Bronze,0.5,2,0.0,0
M3C000669,CMP_M3,Email,0.05,2,393,44.52,Silver,2.9,0,0.0,0
M3C000670,CMP_M3,Push,0.15,7,293,86.55,Silver,0.95,6,53.88,1
M3C000671,CMP_M3,push,0,13,159,85.6,Bronze,1.8,0,0.0,0
M3C000672,CMP_M3,Push,10,6,397,35.7,Gold,3.94,0,0.0,0
M3C000673,CMP_M3,Push,0.1,6,403,140.24,Silver,4.62,2,0.0,0
M3C000674,CMP_M3,Push,0.15,4,297,117.08,Silver,1.54,3,0.0,0
M3C000675,CMP_M3,Push,0.15,5,326,20.34,Gold,2.99,0,0.0,0
M3C000676,CMP_M3,SMS,0.1,12,41,58.37,Silver,0.59,0,0.0,0
M3C000677,CMP_M3,push,0.05,14,269,140.69,Silver,3.03,2,0.0,0
M3C000678,CMP_M3,Push,15,12,309,45.21,Bronze,2.18,0,0.0,0
M3C000679,CMP_M3,Email,0.1,15,333,122.51,Gold,1.29,0,0.0,0
M3C000680,CMP_M3,SMS,0,15,359,100.77,Silver,3.99,3,0.0,0
M3C000681,CMP_M3,Email,0,4,349,95.02,Bronze,4.23,0,0.0,0
M3C000682,CMP_M3,SMS,0,13,48,110.14,Gold,4.54,0,0.0,0
M3C000683,CMP_M3,Email,0.05,5,127,115.85,Silver,3.74,3,0.0,0
M3C000684,CMP_M3,Email,0,13,285,139.22,Gold,0.51,0,0.0,0
M3C000685,CMP_M3,SMS,0.15,2,294,90.76,Silver,4.69,0,0.0,0
M3C000686,CMP_M3,Social,0.15,6,161,108.78,Gold,4.04,0,0.0,0
M3C000687,CMP_M3,Social,0.15,11,277,139.1,Gold,1.7,5,126.1,1
M3C000688,CMP_M3,Social,0.05,10,5,107.8,Silver,3.94,1,0.0,0
M3C000689,CMP_M3,SMS,0.15,16,326,114.52,Gold,2.38,1,0.0,0
M3C000690,CMP_M3,push,10,11,389,111.69,Silver,1.32,6,160.26,1
M3C000691,CMP_M3,push,0.2,16,372,92.1,Bronze,4.68,2,0.0,0
M3C000692,CMP_M3,Push,0.15,9,346,40.8,Silver,3.33,6,80.52,1
M3C000693,CMP_M3,Email,0.05,3,185,134.4,Silver,2.54,2,0.0,0
M3C000694,CMP_M3,Email,0.05,13,120,96.62,Silver,2.43,0,0.0,0
M3C000695,CMP_M3,push,0.15,1,281,50.98,Bronze,1.12,1,0.0,0
M3C000696,CMP_M3,SMS,10,4,327,98.12,Silver,4.64,0,0.0,0
M3C000697,CMP_M3,Email,0,16,32,49.74,Silver,1.14,1,0.0,0
M3C000698,CMP_M3,push,0.1,8,415,36.53,Gold,2.12,3,0.0,0
M3C000699,CMP_M3,push,0.1,11,29,100.11,Silver,2.92,1,0.0,0
M3C000700,CMP_M3,Social,0.1,5,197,37.3,Bronze,3.66,2,0.0,0
M3C000701,CMP_M3,Email,0.15,3,200,98.36,Gold,1.29,1,0.0,0
M3C000702,CMP_M3,Push,0,14,22,60.16,Bronze,2.99,1,0.0,0
M3C000703,CMP_M3,push,0.15,9,309,62.51,Silver,3.47,0,0.0,0
M3C000704,CMP_M3,Email,0.1,5,192,95.78,Bronze,1.66,3,85.31,1
M3C000705,CMP_M3,Email,0.2,9,182,134.76,Silver,4.24,1,0.0,0
M3C000706,CMP_M3,Social,0.2,5,171,53.83,Bronze,0.63,3,0.0,0
M3C000707,CMP_M3,push,0.15,5,238,46.71,Gold,2.02,5,34.46,1
M3C000708,CMP_M3,SMS,20,7,348,53.4,Bronze,0.81,1,0.0,0
M3C000709,CMP_M3,SMS,0.1,15,92,69.9,Gold,1.91,2,0.0,0
M3C000710,CMP_M3,push,0.1,10,27,83.74,Bronze,1.57,2,0.0,0
M3C000711,CMP_M3,push,0.15,4,263,55.73,Bronze,0.58,0,0.0,0
M3C000712,CMP_M3,push,0.05,2,102,103.99,Gold,0.77,2,0.0,0
M3C000713,CMP_M3,Email,0.1,11,327,88.52,Bronze,4.15,0,0.0,0
M3C000714,CMP_M3,Social,5,3,73,31.64,Gold,3.46,7,77.09,1
M3C000715,CMP_M3,Social,0.15,3,22,91.23,Gold,1.85,3,0.0,0
M3C000716,CMP_M3,SMS,0.2,3,109,111.82,Gold,0.57,1,0.0,0
M3C000717,CMP_M3,Email,0.1,2,402,111.97,Gold,4.7,2,0.0,0
M3C000718,CMP_M3,Push,0.2,15,277,110.89,Bronze,2.94,1,0.0,0
M3C000719,CMP_M3,Social,0.1,13,24,99.28,Gold,2.31,1,0.0,0
M3C000720,CMP_M3,Email,5,1,284,36.75,Bronze,3.91,0,0.0,0
M3C000721,CMP_M3,Email,0,13,307,84.91,Silver,4.31,0,0.0,0
M3C000722,CMP_M3,Social,0.2,15,7,36.43,Bronze,3.26,3,0.0,0
M3C000723,CMP_M3,SMS,0,10,262,54.15,Bronze,1.98,5,99.95,1
M3C000724,CMP_M3,push,0.1,7,261,83.6,Bronze,3.71,1,0.0,0
M3C000725,CMP_M3,SMS,0.1,6,141,143.56,Gold,2.72,3,0.0,0
M3C000726,CMP_M3,Social,0,13,53,96.88,Gold,1.08,2,0.0,0
M3C000727,CMP_M3,SMS,0,10,383,43.67,Gold,3.9,2,0.0,0
M3C000728,CMP_M3,Social,0,15,22,73.62,Gold,2.04,2,0.0,0
M3C000729,CMP_M3,push,0,3,136,109.9,Gold,2.23,2,0.0,0
M3C000730,CMP_M3,SMS,0.15,6,226,46.27,Silver,3.86,3,0.0,0
M3C000731,CMP_M3,Social,0.05,16,356,117.37,Bronze,4.14,2,0.0,0
M3C000732,CMP_M3,SMS,15,12,332,53.58,Bronze,3.52,1,0.0,0
M3C000733,CMP_M3,Social,0.1,4,329,21.78,Silver,2.78,0,0.0,0
M3C000734,CMP_M3,push,0.05,6,40,86.81,Silver,0.6,2,0.0,0
M3C000735,CMP_M3,push,0,12,234,122.96,Bronze,4.42,1,0.0,0
M3C000736,CMP_M3,Email,0.15,16,351,83.28,Silver,1.26,0,0.0,0
M3C000737,CMP_M3,push,0,10,383,80.76,Silver,4.56,3,0.0,0
M3C000738,CMP_M3,Social,20,16,27,34.08,Gold,2.81,2,0.0,0
M3C000739,CMP_M3,Push,0.05,16,67,42.3,Gold,2.39,2,0.0,0
M3C000740,CMP_M3,SMS,0.1,14,234,36.34,Bronze,2.15,3,0.0,0
M3C000741,CMP_M3,Email,0.15,11,305,39.28,Gold,1.78,1,0.0,0
M3C000742,CMP_M3,Email,0.1,13,159,28.54,Silver,2.72,0,0.0,0
M3C000743,CMP_M3,SMS,0.2,5,24,117.13,Silver,2.93,2,0.0,0
M3C000744,CMP_M3,push,5,0,144,103.06,Gold,4.77,1,40.86,1
M3C000745,CMP_M3,Push,0.15,4,398,54.19,Bronze,3.21,1,74.89,1
M3C000746,CMP_M3,push,0.05,8,130,36.85,Bronze,4.4,1,0.0,0
M3C000747,CMP_M3,Push,0.2,8,29,94.65,Gold,0.36,0,0.0,0
M3C000748,CMP_M3,SMS,0.05,10,340,35.43,Gold,1.8,1,0.0,0
M3C000749,CMP_M3,push,0.2,14,151,136.38,Bronze,4.58,1,0.0,0
M3C000750,CMP_M3,push,0,8,350,27.89,Gold,2.08,1,0.0,0
M3C000751,CMP_M3,Push,0,7,246,43.67,Gold,1.66,2,0.0,0
M3C000752,CMP_M3,push,0.05,6,386,119.37,Silver,3.99,3,0.0,0
M3C000753,CMP_M3,push,0.05,11,44,29.19,Bronze,2.16,1,0.0,0
M3C000754,CMP_M3,Push,0.1,3,156,28.45,Silver,0.76,3,0.0,0
M3C000755,CMP_M3,push,0.1,16,317,43.37,Gold,0.46,1,0.0,0
M3C000756,CMP_M3,SMS,5,8,252,89.74,Gold,2.87,0,0.0,0
M3C000757,CMP_M3,Email,0.15,1,181,109.56,Silver,3.62,2,0.0,0
M3C000758,CMP_M3,push,0.05,6,347,76.41,Gold,0.23,3,0.0,0
M3C000759,CMP_M3,Social,0.1,11,319,82.37,Silver,3.16,3,0.0,0
M3C000760,CMP_M3,push,0.15,3,198,71.09,Silver,0.24,3,0.0,0
M3C000761,CMP_M3,Social,0.05,2,409,54.41,Gold,2.07,0,0.0,0
M3C000762,CMP_M3,push,15,7,187,137.62,Silver,2.85,1,0.0,0
M3C000763,CMP_M3,SMS,0.2,9,322,48.37,Bronze,2.88,2,0.0,0
M3C000764,CMP_M3,SMS,0.1,0,305,49.54,Silver,2.96,1,0.0,0
M3C000765,CMP_M3,Push,0.05,3,324,144.34,Gold,2.21,0,0.0,0
M3C000766,CMP_M3,Social,0.15,7,168,118.39,Bronze,4.35,3,0.0,0
M3C000767,CMP_M3,Social,0.05,9,66,60.19,Gold,4.63,0,0.0,0
M3C000768,CMP_M3,Push,20,13,381,19.66,Bronze,0.68,0,0.0,0
M3C000769,CMP_M3,Push,0.2,3,404,128.2,Bronze,1.09,4,122.13,1
M3C000770,CMP_M3,Email,0.15,5,243,58.59,Silver,3.87,2,0.0,0
M3C000771,CMP_M3,SMS,0.15,14,198,78.7,Gold,2.76,3,0.0,0
M3C000772,CMP_M3,Push,0,0,177,94.68,Silver,4.34,0,0.0,0
M3C000773,CMP_M3,Push,0.2,4,420,26.96,Gold,2.78,3,0.0,0
M3C000774,CMP_M3,Social,5,4,162,60.69,Bronze,1.17,3,0.0,0
M3C000775,CMP_M3,SMS,0,10,2,109.4,Bronze,4.0,5,119.24,1
M3C000776,CMP_M3,Social,0.2,5,320,56.2,Bronze,1.37,0,0.0,0
M3C000777,CMP_M3,push,0.1,6,417,27.82,Gold,2.37,2,0.0,0
M3C000778,CMP_M3,Social,0.15,7,10,21.27,Gold,4.01,2,0.0,0
M3C000779,CMP_M3,Social,0.1,8,209,73.2,Bronze,3.42,3,0.0,0
M3C000780,CMP_M3,Push,0,8,85,57.71,Silver,4.83,2,0.0,0
M3C000781,CMP_M3,Push,0.15,1,87,27.09,Silver,4.55,2,0.0,0
M3C000782,CMP_M3,Email,0.2,11,341,70.09,Gold,4.31,3,104.47,1
M3C000783,CMP_M3,Email,0,7,345,97.86,Gold,4.86,2,0.0,0
M3C000784,CMP_M3,Email,0.1,16,120,78.29,Silver,3.09,1,31.02,1
M3C000785,CMP_M3,Email,0.15,1,376,121.74,Bronze,3.47,1,0.0,0
M3C000786,CMP_M3,push,0,15,145,138.03,Silver,1.21,1,0.0,0
M3C000787,CMP_M3,push,0.1,3,211,71.59,Gold,1.73,1,73.06,1
M3C000788,CMP_M3,Social,0.1,8,66,121.29,Bronze,1.3,5,173.22,1
M3C000789,CMP_M3,Push,0.15,3,373,64.64,Bronze,1.23,3,0.0,0
M3C000790,CMP_M3,Email,0,6,420,96.58,Silver,3.25,2,0.0,0
M3C000791,CMP_M3,SMS,0.1,15,325,97.48,Gold,4.22,3,0.0,0
M3C000792,CMP_M3,SMS,5,11,113,132.15,Bronze,1.0,2,0.0,0
M3C000793,CMP_M3,push,0.05,10,168,134.66,Bronze,1.3,0,0.0,0
M3C000794,CMP_M3,Push,0.2,15,296,123.29,Silver,1.17,2,0.0,0
M3C000795,CMP_M3,Push,0.1,13,298,74.25,Silver,0.62,1,0.0,0
M3C000796,CMP_M3,push,0.05,1,78,52.12,Silver,4.05,2,0.0,0
M3C000797,CMP_M3,Email,0.1,12,326,111.1,Bronze,1.88,3,0.0,0
M3C000798,CMP_M3,SMS,5,12,394,132.28,Bronze,4.45,0,0.0,0
M3C000799,CMP_M3,Social,0,12,193,25.93,Gold,3.81,0,0.0,0
M3C000800,CMP_M3,Email,0,12,54,66.21,Bronze,2.49,3,0.0,0
M3C000801,CMP_M3,push,0.05,10,191,121.39,Bronze,4.78,1,0.0,0
M3C000802,CMP_M3,Push,0.2,14,352,50.65,Silver,0.89,3,0.0,0
M3C000803,CMP_M3,push,0.2,16,360,77.64,Bronze,4.9,2,0.0,0
M3C000804,CMP_M3,push,5,7,134,99.02,Silver,4.84,2,0.0,0
M3C000805,CMP_M3,SMS,0.2,3,43,66.62,Silver,1.17,0,0.0,0
M3C000806,CMP_M3,push,0.05,11,197,131.21,Silver,4.47,3,0.0,0
M3C000807,CMP_M3,Email,0.15,0,399,104.02,Bronze,0.52,1,0.0,0
M3C000808,CMP_M3,Social,0,14,169,38.09,Gold,0.98,3,0.0,0
M3C000809,CMP_M3,Push,0.1,2,243,68.76,Bronze,3.69,0,0.0,0
M3C000810,CMP_M3,SMS,0,15,372,45.64,Silver,2.1,3,0.0,0
M3C000811,CMP_M3,Social,0.15,4,68,61.58,Gold,2.01,1,0.0,0
M3C000812,CMP_M3,Push,0,10,195,135.88,Silver,0.25,2,0.0,0
M3C000813,CMP_M3,SMS,0.2,7,132,23.16,Bronze,1.59,3,0.0,0
M3C000814,CMP_M3,Social,0,4,172,142.59,Silver,2.93,1,0.0,0
M3C000815,CMP_M3,Email,0.1,5,418,74.31,Gold,0.33,1,0.0,0
M3C000816,CMP_M3,Email,5,11,75,80.75,Gold,1.94,1,0.0,0
M3C000817,CMP_M3,Email,0,12,399,122.75,Silver,0.44,0,0.0,0
M3C000818,CMP_M3,Email,0.1,0,25,126.19,Gold,2.25,3,0.0,0
M3C000819,CMP_M3,push,0.05,8,410,59.98,Gold,1.2,2,0.0,0
M3C000820,CMP_M3,Social,0,16,207,97.25,Bronze,4.58,1,0.0,0
M3C000821,CMP_M3,SMS,0.15,13,4,71.31,Silver,3.01,0,0.0,0
M3C000822,CMP_M3,SMS,10,16,418,121.15,Gold,1.51,3,0.0,0
M3C000823,CMP_M3,Social,0,1,11,102.48,Gold,3.94,1,0.0,0
M3C000824,CMP_M3,Social,0.2,4,211,109.55,Bronze,1.69,1,0.0,0
M3C000825,CMP_M3,Social,0,15,60,129.01,Gold,4.31,0,0.0,0
M3C000826,CMP_M3,Email,0,5,317,79.67,Bronze,1.74,1,0.0,0
M3C000827,CMP_M3,SMS,0.05,15,311,111.86,Gold,4.62,3,0.0,0
M3C000828,CMP_M3,Email,20,2,270,118.17,Bronze,4.33,2,0.0,0
M3C000829,CMP_M3,push,0.05,10,321,93.55,Silver,2.49,3,87.73,1
M3C000830,CMP_M3,Push,0,10,313,121.2,Silver,3.0,2,0.0,0
M3C000831,CMP_M3,Push,0.15,7,69,96.01,Silver,2.89,3,0.0,0
M3C000832,CMP_M3,Email,0.1,1,4,81.71,Silver,0.8,8,136.48,1
M3C000833,CMP_M3,Email,0.2,2,101,83.14,Silver,4.01,2,0.0,0
M3C000834,CMP_M3,Email,10,15,150,134.18,Bronze,1.78,1,0.0,0
M3C000835,CMP_M3,Social,0,11,236,42.55,Gold,3.89,3,0.0,0
M3C000836,CMP_M3,push,0,3,322,102.27,Gold,0.78,1,0.0,0
M3C000837,CMP_M3,SMS,0.2,8,188,102.33,Bronze,0.79,3,0.0,0
M3C000838,CMP_M3,push,0.05,12,77,21.47,Silver,3.14,1,0.0,0
M3C000839,CMP_M3,push,0.15,11,142,135.62,Bronze,2.59,3,0.0,0
M3C000840,CMP_M3,push,0,3,62,110.27,Bronze,0.99,2,0.0,0
M3C000841,CMP_M3,Social,0.15,0,384,39.52,Gold,2.64,1,0.0,0
M3C000842,CMP_M3,push,0.1,14,278,65.15,Bronze,2.93,1,0.0,0
M3C000843,CMP_M3,push,0.05,12,150,72.43,Bronze,1.45,0,0.0,0
M3C000844,CMP_M3,Push,0.05,3,279,113.76,Silver,4.89,2,0.0,0
M3C000845,CMP_M3,push,0.15,10,406,118.09,Gold,3.25,8,49.71,1
M3C000846,CMP_M3,SMS,5,6,283,105.8,Silver,1.25,1,0.0,0
M3C000847,CMP_M3,Social,0,2,289,23.99,Bronze,2.69,8,117.7,1
M3C000848,CMP_M3,Email,0,14,76,120.59,Gold,2.58,0,0.0,0
M3C000849,CMP_M3,Social,0.2,7,166,71.31,Gold,4.84,1,0.0,0
M3C000850,CMP_M3,push,0.1,15,403,25.51,Silver,4.84,0,0.0,0
M3C000851,CMP_M3,Social,0.05,7,203,97.31,Bronze,1.49,3,0.0,0
M3C000852,CMP_M3,Email,0,1,334,67.02,Gold,1.97,8,69.89,1
M3C000853,CMP_M3,push,0.2,9,136,66.83,Gold,2.71,3,0.0,0
M3C000854,CMP_M3,Email,0.05,14,396,83.2,Silver,3.77,3,0.0,0
M3C000855,CMP_M3,Email,0.1,10,44,133.86,Silver,0.89,7,167.3,1
M3C000856,CMP_M3,Social,0,13,369,131.57,Gold,0.41,3,0.0,0
M3C000857,CMP_M3,push,0,13,387,110.83,Silver,0.73,0,0.0,0
M3C000858,CMP_M3,Push,10,12,129,62.87,Bronze,2.65,1,0.0,0
M3C000859,CMP_M3,Push,0.05,15,50,87.6,Silver,0.3,2,0.0,0
M3C000860,CMP_M3,Push,0.05,15,419,85.44,Silver,1.2,0,0.0,0
M3C000861,CMP_M3,push,0.1,7,407,127.04,Silver,0.96,1,0.0,0
M3C000862,CMP_M3,Email,0.1,7,221,64.57,Gold,2.67,3,0.0,0
M3C000863,CMP_M3,Push,0.15,9,249,91.39,Gold,2.42,1,0.0,0
M3C000864,CMP_M3,Social,15,6,110,48.01,Bronze,1.12,3,0.0,0
M3C000865,CMP_M3,SMS,0.2,1,283,57.25,Bronze,0.94,2,0.0,0
M3C000866,CMP_M3,Email,0.1,1,401,20.22,Bronze,2.57,0,0.0,0
M3C000867,CMP_M3,SMS,0.1,2,225,46.49,Gold,0.84,3,0.0,0
M3C000868,CMP_M3,Social,0.2,12,224,58.65,Silver,4.28,3,0.0,0
M3C000869,CMP_M3,push,0.15,6,382,27.12,Bronze,3.41,2,0.0,0
M3C000870,CMP_M3,Email,5,7,306,138.72,Silver,4.07,2,0.0,0
M3C000871,CMP_M3,Push,0.05,6,370,139.65,Silver,3.6,0,0.0,0
M3C000872,CMP_M3,push,0,11,143,27.33,Bronze,3.28,2,156.12,1
M3C000873,CMP_M3,Email,0,1,155,50.11,Gold,1.46,2,0.0,0
M3C000874,CMP_M3,SMS,0.05,15,83,58.78,Bronze,0.69,0,0.0,0
M3C000875,CMP_M3,Push,0,0,150,58.72,Bronze,3.32,1,0.0,0
M3C000876,CMP_M3,push,5,4,34,143.37,Silver,2.2,4,46.83,1
M3C000877,CMP_M3,SMS,0.05,9,26,46.46,Gold,4.36,2,117.95,1
M3C000878,CMP_M3,Email,0.05,11,89,104.66,Silver,1.92,2,0.0,0
M3C000879,CMP_M3,Email,0.15,11,324,94.36,Bronze,0.97,0,0.0,0
M3C000880,CMP_M3,push,0,5,313,87.3,Gold,2.78,0,0.0,0
M3C000881,CMP_M3,Social,0.2,7,401,88.3,Silver,3.67,8,40.49,1
M3C000882,CMP_M3,push,0,10,415,100.17,Gold,1.46,2,0.0,0
M3C000883,CMP_M3,Email,0.1,9,183,119.74,Gold,3.29,2,0.0,0
M3C000884,CMP_M3,Email,0.2,0,60,20.23,Gold,3.58,2,0.0,0
M3C000885,CMP_M3,Email,0.2,16,309,54.57,Silver,4.31,2,0.0,0
M3C000886,CMP_M3,SMS,0.1,8,23,124.15,Silver,4.78,2,0.0,0
M3C000887,CMP_M3,push,0.05,1,12,91.55,Gold,0.89,3,0.0,0
M3C000888,CMP_M3,Push,10,11,392,110.68,Bronze,2.62,1,0.0,0
M3C000889,CMP_M3,push,0.05,9,124,121.25,Bronze,2.93,3,0.0,0
M3C000890,CMP_M3,push,0.2,10,113,19.63,Silver,0.5,0,0.0,0
M3C000891,CMP_M3,Email,0.1,2,241,119.34,Bronze,4.66,3,0.0,0
M3C000892,CMP_M3,Push,0.2,9,13,118.43,Bronze,0.97,2,0.0,0
M3C000893,CMP_M3,Push,0.05,2,128,131.72,Bronze,4.11,4,168.03,1
M3C000894,CMP_M3,Email,10,6,269,135.05,Gold,1.98,1,0.0,0
M3C000895,CMP_M3,Email,0.15,12,282,137.42,Bronze,0.91,3,0.0,0
M3C000896,CMP_M3,Email,0.1,5,308,115.68,Bronze,2.68,1,0.0,0
M3C000897,CMP_M3,Email,0.1,1,71,142.54,Gold,1.75,3,0.0,0
M3C000898,CMP_M3,push,0.1,11,129,78.63,Silver,0.93,0,0.0,0
M3C000899,CMP_M3,Push,0.05,11,34,22.48,Bronze,1.36,0,0.0,0
M3C000900,CMP_M3,Social,10,7,378,51.97,Gold,3.64,1,0.0,0
M3C000901,CMP_M3,Push,0.2,2,348,33.74,Silver,3.21,3,0.0,0
M3C000902,CMP_M3,Social,0.2,2,139,38.36,Gold,1.56,3,0.0,0
M3C000903,CMP_M3,SMS,0.05,10,248,76.68,Gold,2.43,0,0.0,0
M3C000904,CMP_M3,Social,0.2,0,101,144.63,Bronze,4.25,0,0.0,0
M3C000905,CMP_M3,Email,0.1,11,160,80.05,Bronze,1.91,4,127.69,1
M3C000906,CMP_M3,push,10,13,265,26.58,Gold,4.46,1,0.0,0
M3C000907,CMP_M3,Social,0.15,12,150,27.33,Gold,1.68,0,0.0,0
M3C000908,CMP_M3,push,0.05,7,380,106.15,Bronze,3.97,3,0.0,0
M3C000909,CMP_M3,SMS,0.05,12,329,32.99,Silver,3.08,0,0.0,0
M3C000910,CMP_M3,Push,0.15,11,163,116.23,Gold,4.57,2,0.0,0
M3C000911,CMP_M3,SMS,0.15,3,294,143.53,Silver,0.52,3,0.0,0
M3C000912,CMP_M3,Push,20,14,328,86.97,Bronze,1.0,2,0.0,0
M3C000913,CMP_M3,Push,0,3,392,105.99,Gold,2.76,0,0.0,0
M3C000914,CMP_M3,Social,0.2,12,98,55.74,Silver,1.27,0,0.0,0
M3C000915,CMP_M3,SMS,0,5,47,73.55,Silver,1.74,3,0.0,0
M3C000916,CMP_M3,push,0,7,287,33.63,Silver,1.93,2,0.0,0
M3C000917,CMP_M3,SMS,0.2,12,290,139.47,Bronze,4.47,3,0.0,0
M3C000918,CMP_M3,Email,5,9,91,93.95,Bronze,4.66,0,0.0,0
M3C000919,CMP_M3,Social,0.15,10,257,60.41,Silver,1.67,2,0.0,0
M3C000920,CMP_M3,Social,0.1,9,146,60.1,Gold,2.56,1,0.0,0
M3C000921,CMP_M3,Social,0.15,13,329,55.51,Bronze,2.97,2,0.0,0
M3C000922,CMP_M3,Push,0.2,2,96,121.56,Silver,2.08,3,0.0,0
M3C000923,CMP_M3,Social,0.2,0,323,46.36,Gold,3.84,1,0.0,0
M3C000924,CMP_M3,SMS,0,10,274,36.54,Gold,4.82,3,0.0,0
M3C000925,CMP_M3,Push,0,8,409,50.47,Bronze,3.8,1,0.0,0
M3C000926,CMP_M3,Social,0.15,6,81,103.24,Gold,0.76,2,0.0,0
M3C000927,CMP_M3,push,0.15,15,238,83.23,Silver,3.66,2,0.0,0
M3C000928,CMP_M3,Push,0.2,10,143,132.45,Bronze,0.34,2,0.0,0
M3C000929,CMP_M3,Push,0.2,1,121,107.11,Bronze,3.53,3,0.0,0
M3C000930,CMP_M3,Push,10,0,241,58.01,Silver,4.29,1,0.0,0
M3C000931,CMP_M3,push,0.1,9,327,55.01,Bronze,4.29,1,0.0,0
M3C000932,CMP_M3,Email,0.05,14,253,97.17,Gold,1.82,2,0.0,0
M3C000933,CMP_M3,Social,0.1,3,28,139.91,Silver,3.81,1,0.0,0
M3C000934,CMP_M3,Email,0.1,10,359,104.55,Bronze,0.43,2,0.0,0
M3C000935,CMP_M3,Email,0,5,361,125.74,Bronze,4.22,2,0.0,0
M3C000936,CMP_M3,Push,0,2,343,94.97,Bronze,4.36,1,0.0,0
M3C000937,CMP_M3,Push,0.2,5,395,100.15,Bronze,1.11,3,0.0,0
M3C000938,CMP_M3,Email,0,10,157,66.46,Bronze,0.27,0,0.0,0
M3C000939,CMP_M3,SMS,0,10,134,46.18,Bronze,1.96,3,0.0,0
M3C000940,CMP_M3,Email,0.15,11,67,126.17,Bronze,1.47,3,0.0,0
M3C000941,CMP_M3,push,0,11,142,63.49,Bronze,3.34,0,0.0,0
M3C000942,CMP_M3,Email,5,6,107,103.11,Silver,4.17,1,0.0,0
M3C000943,CMP_M3,push,0,2,68,132.07,Silver,4.69,3,0.0,0
M3C000944,CMP_M3,push,0.1,16,172,36.83,Bronze,0.92,3,0.0,0
M3C000945,CMP_M3,Email,0.2,2,309,74.81,Silver,0.84,2,0.0,0
M3C000946,CMP_M3,Email,0.05,5,270,56.67,Silver,4.09,2,0.0,0
M3C000947,CMP_M3,Email,0,14,353,49.59,Silver,4.56,3,0.0,0
M3C000948,CMP_M3,Email,0,2,236,132.21,Silver,1.48,3,0.0,0
M3C000949,CMP_M3,push,0,14,383,39.09,Silver,4.06,7,67.15,1
M3C000950,CMP_M3,Email,0.2,16,228,86.19,Silver,4.12,4,38.72,1
M3C000951,CMP_M3,Social,0,13,152,133.4,Bronze,2.72,3,0.0,0
M3C000952,CMP_M3,Social,0.05,0,109,24.37,Silver,0.42,2,0.0,0
M3C000953,CMP_M3,Social,0.1,5,317,137.6,Silver,2.42,3,0.0,0
M3C000954,CMP_M3,Push,15,2,246,43.82,Bronze,4.59,2,0.0,0
M3C000955,CMP_M3,SMS,0.05,9,84,27.65,Silver,1.97,3,0.0,0
M3C000956,CMP_M3,Push,0.15,3,262,51.52,Bronze,1.7,0,0.0,0
M3C000957,CMP_M3,push,0.1,4,56,69.22,Silver,3.36,1,0.0,0
M3C000958,CMP_M3,SMS,0.2,14,418,142.93,Silver,1.99,0,0.0,0
M3C000959,CMP_M3,push,0.1,2,197,69.85,Gold,1.23,3,0.0,0
M3C000960,CMP_M3,SMS,0,12,177,105.03,Gold,0.63,0,0.0,0
M3C000961,CMP_M3,SMS,0.15,7,210,30.18,Gold,4.85,2,0.0,0
M3C000962,CMP_M3,Social,0.2,3,247,39.35,Silver,4.33,2,0.0,0
M3C000963,CMP_M3,Social,0,9,242,142.25,Gold,3.16,0,0.0,0
M3C000964,CMP_M3,push,0.15,4,14,134.94,Silver,2.24,1,0.0,0
M3C000965,CMP_M3,Push,0.2,15,392,71.64,Silver,2.76,3,0.0,0
M3C000966,CMP_M3,push,10,7,171,80.88,Gold,2.67,1,84.66,1
M3C000967,CMP_M3,SMS,0.15,1,274,97.87,Gold,0.7,0,0.0,0
M3C000968,CMP_M3,Social,0,8,305,82.93,Gold,3.01,0,0.0,0
M3C000969,CMP_M3,SMS,0.05,5,25,47.87,Silver,2.48,4,107.69,1
M3C000970,CMP_M3,Social,0.15,11,87,52.31,Gold,4.09,1,0.0,0
M3C000971,CMP_M3,SMS,0.1,14,197,33.06,Gold,1.85,4,100.17,1
M3C000972,CMP_M3,SMS,0,1,360,64.05,Bronze,2.04,0,0.0,0
M3C000973,CMP_M3,Email,0.15,13,387,101.96,Silver,2.12,0,0.0,0
M3C000974,CMP_M3,push,0.2,14,326,83.65,Silver,2.8,0,0.0,0
M3C000975,CMP_M3,SMS,0.15,1,369,72.44,Silver,3.42,3,0.0,0
M3C000976,CMP_M3,Email,0.2,12,6,118.1,Gold,2.28,1,0.0,0
M3C000977,CMP_M3,push,0.15,2,208,111.0,Gold,1.07,1,0.0,0
M3C000978,CMP_M3,SMS,0,13,164,54.11,Bronze,4.55,1,0.0,0
M3C000979,CMP_M3,Social,0.05,11,350,46.58,Silver,0.3,0,0.0,0
M3C000980,CMP_M3,SMS,0.15,1,185,42.86,Gold,2.84,1,0.0,0
M3C000981,CMP_M3,Email,0.2,8,321,35.26,Silver,3.86,0,0.0,0
M3C000982,CMP_M3,Email,0.2,16,62,103.53,Silver,2.41,1,93.84,1
M3C000983,CMP_M3,Social,0.05,11,60,52.67,Silver,0.67,2,0.0,0
M3C000984,CMP_M3,push,5,4,231,133.55,Bronze,4.35,2,37.12,1
M3C000985,CMP_M3,Social,0,11,69,53.34,Silver,3.58,3,0.0,0
M3C000986,CMP_M3,SMS,0.2,8,323,73.93,Bronze,1.82,1,0.0,0
M3C000987,CMP_M3,Email,0.15,16,264,71.73,Gold,4.73,1,0.0,0
M3C000988,CMP_M3,Social,0.1,9,252,25.48,Silver,2.91,2,0.0,0
M3C000989,CMP_M3,Email,0.1,10,285,119.14,Silver,1.54,0,0.0,0
M3C000990,CMP_M3,SMS,15,12,207,33.84,Bronze,2.1,2,0.0,0
M3C000991,CMP_M3,Push,0.15,16,82,87.7,Gold,2.51,1,0.0,0
M3C000992,CMP_M3,Push,0.2,14,168,100.48,Bronze,1.97,3,0.0,0
M3C000993,CMP_M3,Social,0.2,11,260,103.81,Bronze,3.8,2,0.0,0
M3C000994,CMP_M3,push,0.15,12,345,93.03,Gold,1.16,2,0.0,0
M3C000995,CMP_M3,Email,0.05,14,245,95.8,Bronze,1.21,2,0.0,0
M3C000996,CMP_M3,Email,0,1,53,123.05,Gold,2.52,3,0.0,0
M3C000997,CMP_M3,Push,0,11,229,36.21,Gold,1.28,3,0.0,0
M3C000998,CMP_M3,SMS,0.2,1,187,31.29,Bronze,2.99,0,0.0,0
M3C000999,CMP_M3,Email,0.1,6,204,137.22,Silver,2.58,1,0.0,0
M3C001000,CMP_M3,push,0,10,168,33.96,Bronze,0.99,1,0.0,0
M3C001001,CMP_M3,push,0,2,198,,Gold,3.58,1,94.11,1
M3C001002,CMP_M3,push,5,6,143,136.37,Silver,4.38,2,0.0,0
M3C001003,CMP_M3,Email,0.15,8,306,71.15,Gold,2.41,2,0.0,0
M3C001004,CMP_M3,push,0.1,8,179,46.35,Gold,1.91,2,0.0,0
M3C001005,CMP_M3,Push,0.15,13,327,136.04,Silver,0.96,7,46.59,1
M3C001006,CMP_M3,Social,0.2,12,4,137.14,Gold,2.43,1,0.0,0
M3C001007,CMP_M3,Social,0.1,14,185,30.8,Bronze,1.01,2,0.0,0
M3C001008,CMP_M3,Email,10,1,124,139.2,Gold,0.77,0,0.0,0
M3C001009,CMP_M3,Push,0.05,13,255,109.07,Gold,0.88,0,0.0,0
M3C001010,CMP_M3,push,0.15,0,344,118.87,Silver,3.73,2,0.0,0
M3C001011,CMP_M3,Social,0.15,12,106,70.11,Silver,3.03,3,0.0,0
M3C001012,CMP_M3,Push,0.15,12,33,104.6,Bronze,4.1,5,169.86,1
M3C001013,CMP_M3,Push,0.1,16,279,33.3,Bronze,2.11,1,0.0,0
M3C001014,CMP_M3,push,5,4,45,139.05,Bronze,3.13,3,0.0,0
M3C001015,CMP_M3,Push,0.2,0,371,83.65,Gold,2.06,3,0.0,0
M3C001016,CMP_M3,Push,0.1,10,109,78.43,Gold,2.45,0,0.0,0
M3C001017,CMP_M3,push,0.2,14,246,122.01,Bronze,0.26,2,129.86,1
M3C001018,CMP_M3,Social,0,2,242,108.91,Gold,2.9,3,0.0,0
M3C001019,CMP_M3,Push,0.2,11,327,142.4,Gold,4.62,2,0.0,0
M3C001020,CMP_M3,push,5,10,249,119.73,Gold,3.31,1,0.0,0
M3C001021,CMP_M3,SMS,0.05,6,255,64.28,Gold,4.13,2,0.0,0
M3C001022,CMP_M3,Email,0.2,16,112,86.73,Gold,3.85,1,0.0,0
M3C001023,CMP_M3,push,0.2,5,276,143.51,Bronze,1.34,1,0.0,0
M3C001024,CMP_M3,Email,0.2,12,95,53.83,Bronze,0.52,1,0.0,0
M3C001025,CMP_M3,SMS,0,10,318,115.98,Bronze,0.63,4,72.78,1
M3C001026,CMP_M3,SMS,0,3,183,135.38,Bronze,2.88,1,0.0,0
M3C001027,CMP_M3,Push,0.2,3,115,50.79,Silver,3.07,3,0.0,0
M3C001028,CMP_M3,Social,0.2,2,50,123.7,Gold,3.37,1,0.0,0
M3C001029,CMP_M3,push,0.1,12,415,97.87,Silver,0.82,3,0.0,0
M3C001030,CMP_M3,Email,0.05,3,292,106.37,Gold,3.55,1,0.0,0
M3C001031,CMP_M3,Email,0.05,13,158,40.76,Silver,4.12,2,0.0,0
M3C001032,CMP_M3,Email,5,6,105,120.41,Bronze,0.22,1,0.0,0
M3C001033,CMP_M3,Push,0.05,10,228,105.96,Silver,2.55,2,0.0,0
M3C001034,CMP_M3,Push,0.2,1,34,106.05,Bronze,2.23,0,0.0,0
M3C001035,CMP_M3,Email,0,16,284,134.75,Gold,2.4,3,0.0,0
M3C001036,CMP_M3,Social,0.2,12,129,100.16,Gold,1.34,2,0.0,0
M3C001037,CMP_M3,push,0.05,9,183,116.06,Silver,4.27,2,0.0,0
M3C001038,CMP_M3,SMS,15,15,269,77.62,Silver,4.31,1,0.0,0
M3C001039,CMP_M3,SMS,0.05,3,326,82.95,Silver,1.01,2,0.0,0
M3C001040,CMP_M3,push,0.05,6,261,136.57,Gold,2.14,1,0.0,0
M3C001041,CMP_M3,Email,0.15,4,135,101.81,Bronze,1.51,2,0.0,0
M3C001042,CMP_M3,SMS,0.15,8,97,62.6,Bronze,2.01,1,0.0,0
M3C001043,CMP_M3,push,0.1,7,86,138.68,Bronze,2.23,0,0.0,0
M3C001044,CMP_M3,Social,0,3,366,28.81,Bronze,1.12,0,0.0,0
M3C001045,CMP_M3,push,0.15,16,132,43.07,Bronze,3.95,0,0.0,0
M3C001046,CMP_M3,push,0.1,10,184,101.7,Silver,4.01,3,0.0,0
M3C001047,CMP_M3,SMS,0.05,4,417,27.1,Gold,0.92,1,0.0,0
M3C001048,CMP_M3,push,0.1,1,308,122.14,Gold,0.96,0,0.0,0
M3C001049,CMP_M3,Social,0.1,15,155,136.14,Gold,0.71,2,0.0,0
M3C001050,CMP_M3,push,5,1,317,46.44,Silver,1.31,0,0.0,0
M3C001051,CMP_M3,push,0.2,5,385,37.48,Silver,1.27,3,0.0,0
M3C001052,CMP_M3,Email,0,13,395,122.12,Bronze,0.77,1,66.09,1
M3C001053,CMP_M3,Push,0,12,195,82.86,Silver,3.16,3,0.0,0
M3C001054,CMP_M3,Push,0.05,14,87,131.99,Bronze,4.17,8,143.59,1
M3C001055,CMP_M3,Social,0.2,0,372,77.28,Gold,0.62,2,0.0,0
M3C001056,CMP_M3,push,10,11,216,111.63,Silver,1.36,1,0.0,0
M3C001057,CMP_M3,SMS,0,8,350,104.58,Bronze,0.83,0,0.0,0
M3C001058,CMP_M3,SMS,0.2,16,268,74.94,Gold,0.2,3,0.0,0
M3C001059,CMP_M3,SMS,0.1,11,88,130.94,Gold,3.67,0,0.0,0
M3C001060,CMP_M3,SMS,0,6,165,43.46,Gold,0.38,6,99.38,1
M3C001061,CMP_M3,Push,0.15,9,158,114.29,Gold,2.83,0,0.0,0
M3C001062,CMP_M3,Push,0,8,79,144.24,Silver,3.97,2,0.0,0
M3C001063,CMP_M3,push,0,16,242,138.43,Bronze,3.5,5,145.45,1
M3C001064,CMP_M3,Social,0.15,10,318,97.19,Bronze,3.68,1,0.0,0
M3C001065,CMP_M3,Email,0.2,2,288,95.28,Silver,2.32,3,0.0,0
M3C001066,CMP_M3,push,0.1,6,2,45.49,Silver,3.45,2,0.0,0
M3C001067,CMP_M3,Social,0,10,333,132.97,Gold,1.89,1,0.0,0
M3C001068,CMP_M3,Email,15,12,393,123.06,Gold,4.64,6,31.57,1
M3C001069,CMP_M3,Push,0.05,16,383,40.65,Bronze,2.91,3,0.0,0
M3C001070,CMP_M3,Social,0.1,12,108,72.13,Silver,3.61,1,0.0,0
M3C001071,CMP_M3,Email,0.05,6,297,63.6,Silver,0.57,1,0.0,0
M3C001072,CMP_M3,SMS,0.2,7,179,29.21,Bronze,0.67,3,0.0,0
M3C001073,CMP_M3,SMS,0.1,9,169,126.65,Gold,0.38,8,83.59,1
M3C001074,CMP_M3,Email,5,0,415,47.27,Bronze,1.31,2,0.0,0
M3C001075,CMP_M3,push,0.1,9,42,77.84,Silver,4.23,3,53.23,1
M3C001076,CMP_M3,push,0.1,10,217,44.41,Silver,0.84,0,0.0,0
M3C001077,CMP_M3,Email,0.2,12,89,24.21,Silver,3.13,1,0.0,0
M3C001078,CMP_M3,Social,0,1,18,101.83,Gold,4.86,2,0.0,0
M3C001079,CMP_M3,Push,0.05,9,341,95.0,Gold,1.38,0,0.0,0
M3C001080,CMP_M3,Email,20,4,85,142.31,Silver,3.5,1,0.0,0
M3C001081,CMP_M3,Email,0.1,7,175,130.3,Silver,0.35,0,0.0,0
M3C001082,CMP_M3,Social,0,0,12,100.57,Silver,2.37,3,0.0,0
M3C001083,CMP_M3,Social,0.05,2,415,90.76,Gold,3.37,3,0.0,0
M3C001084,CMP_M3,push,0,5,295,23.91,Bronze,4.7,0,0.0,0
M3C001085,CMP_M3,Push,0,12,23,125.06,Gold,1.48,2,0.0,0
M3C001086,CMP_M3,push,5,10,383,111.37,Bronze,0.79,2,0.0,0
M3C001087,CMP_M3,Push,0.15,0,151,60.6,Bronze,2.9,0,0.0,0
M3C001088,CMP_M3,Push,0,14,36,21.8,Silver,3.59,0,0.0,0
M3C001089,CMP_M3,push,0.1,16,220,77.37,Gold,1.44,3,90.75,1
M3C001090,CMP_M3,Email,0.05,7,376,140.84,Silver,1.09,2,0.0,0
M3C001091,CMP_M3,SMS,0.1,11,167,22.0,Gold,3.95,3,0.0,0
M3C001092,CMP_M3,SMS,20,6,291,134.5,Silver,2.42,1,0.0,0
M3C001093,CMP_M3,Push,0,5,193,56.37,Silver,1.42,1,0.0,0
M3C001094,CMP_M3,Push,0,7,348,108.61,Bronze,0.86,2,0.0,0
M3C001095,CMP_M3,push,0.05,15,379,24.77,Gold,2.4,1,0.0,0
M3C001096,CMP_M3,Email,0.15,4,249,80.49,Silver,2.86,0,0.0,0
M3C001097,CMP_M3,Social,0.05,10,52,99.72,Silver,3.99,6,49.84,1
M3C001098,CMP_M3,Email,0,10,249,133.78,Silver,2.65,2,0.0,0
M3C001099,CMP_M3,Social,0.15,16,290,139.11,Silver,4.65,0,0.0,0
M3C001100,CMP_M3,push,0.05,0,397,63.96,Bronze,1.26,1,0.0,0
M3C001101,CMP_M3,Email,0.2,13,339,23.35,Gold,4.62,0,0.0,0
M3C001102,CMP_M3,push,0.15,15,348,72.98,Bronze,1.73,0,0.0,0
M3C001103,CMP_M3,push,0.2,15,231,131.84,Silver,3.72,1,53.77,1
M3C001104,CMP_M3,SMS,5,3,176,141.92,Silver,3.3,1,0.0,0
M3C001105,CMP_M3,Social,0,11,257,126.15,Bronze,2.12,3,0.0,0
M3C001106,CMP_M3,Push,0,13,267,36.21,Silver,1.7,1,0.0,0
M3C001107,CMP_M3,Social,0.1,0,14,74.13,Bronze,1.57,0,0.0,0
M3C001108,CMP_M3,Email,0.2,14,104,90.01,Bronze,1.79,0,0.0,0
M3C001109,CMP_M3,Social,0,13,337,130.8,Bronze,0.9,1,0.0,0
M3C001110,CMP_M3,SMS,20,5,387,88.19,Gold,0.84,1,0.0,0
M3C001111,CMP_M3,SMS,0.15,10,70,78.3,Bronze,3.75,0,0.0,0
M3C001112,CMP_M3,Social,0.05,2,174,42.72,Silver,3.44,3,0.0,0
M3C001113,CMP_M3,SMS,0,16,219,82.06,Silver,3.0,3,0.0,0
M3C001114,CMP_M3,push,0,16,399,41.42,Bronze,4.62,3,0.0,0
M3C001115,CMP_M3,Social,0.15,5,39,77.1,Gold,3.77,2,0.0,0
M3C001116,CMP_M3,SMS,10,8,145,61.83,Bronze,3.51,2,0.0,0
M3C001117,CMP_M3,Email,0,1,389,34.82,Gold,0.21,0,0.0,0
M3C001118,CMP_M3,Email,0.05,5,78,43.0,Silver,2.37,0,0.0,0
M3C001119,CMP_M3,Push,0,13,364,81.99,Gold,1.93,1,172.64,1
M3C001120,CMP_M3,Social,0,10,342,112.36,Silver,1.98,0,0.0,0
M3C001121,CMP_M3,Email,0.05,3,337,20.85,Silver,2.87,3,0.0,0
M3C001122,CMP_M3,Push,20,14,230,77.15,Bronze,1.04,1,0.0,0
M3C001123,CMP_M3,Push,0.2,13,119,91.72,Silver,4.05,1,0.0,0
M3C001124,CMP_M3,SMS,0.15,7,285,45.7,Silver,3.54,0,0.0,0
M3C001125,CMP_M3,SMS,0.15,1,134,122.22,Gold,4.06,2,0.0,0
M3C001126,CMP_M3,SMS,0.1,1,118,89.2,Silver,2.02,3,0.0,0
M3C001127,CMP_M3,push,0.05,8,397,85.24,Gold,3.61,1,0.0,0
M3C001128,CMP_M3,push,15,9,330,114.83,Gold,2.94,7,142.11,1
M3C001129,CMP_M3,push,0.05,0,367,55.9,Bronze,3.71,1,0.0,0
M3C001130,CMP_M3,Social,0.15,0,39,142.49,Bronze,0.47,1,0.0,0
M3C001131,CMP_M3,Push,0,14,58,127.99,Silver,0.51,0,0.0,0
M3C001132,CMP_M3,Push,0.05,13,269,96.9,Gold,1.49,2,0.0,0
M3C001133,CMP_M3,SMS,0.05,2,384,39.38,Bronze,3.32,3,0.0,0
M3C001134,CMP_M3,SMS,10,8,317,138.86,Bronze,4.62,3,70.31,1
M3C001135,CMP_M3,Social,0.15,3,198,58.86,Silver,3.68,2,0.0,0
M3C001136,CMP_M3,Email,0.15,2,213,91.42,Silver,0.72,0,0.0,0
M3C001137,CMP_M3,Social,0.2,11,119,53.81,Gold,2.23,0,0.0,0
M3C001138,CMP_M3,push,0.2,7,12,143.4,Gold,2.67,2,0.0,0
M3C001139,CMP_M3,push,0.05,4,188,62.39,Bronze,3.25,2,0.0,0
M3C001140,CMP_M3,Push,20,10,74,77.28,Silver,4.29,1,0.0,0
M3C001141,CMP_M3,push,0,1,204,92.12,Bronze,4.01,0,0.0,0
M3C001142,CMP_M3,Email,0.2,2,258,112.63,Silver,3.74,2,0.0,0
M3C001143,CMP_M3,SMS,0.05,6,52,120.7,Bronze,4.01,0,0.0,0
M3C001144,CMP_M3,SMS,0,9,350,70.08,Silver,2.36,1,0.0,0
M3C001145,CMP_M3,Push,0.1,7,264,94.19,Bronze,4.03,3,0.0,0
M3C001146,CMP_M3,Email,15,5,238,97.79,Silver,0.5,2,0.0,0
M3C001147,CMP_M3,Push,0.15,14,304,49.13,Silver,3.38,3,0.0,0
M3C001148,CMP_M3,Push,0.2,2,294,49.22,Gold,2.84,0,0.0,0
M3C001149,CMP_M3,Push,0.05,3,271,34.13,Gold,1.6,0,0.0,0
M3C001150,CMP_M3,push,0.15,7,225,34.33,Silver,0.8,0,0.0,0
M3C001151,CMP_M3,Push,0.2,3,221,65.79,Gold,1.26,2,0.0,0
M3C001152,CMP_M3,Push,15,9,24,76.93,Silver,1.28,0,0.0,0
M3C001153,CMP_M3,Push,0,8,65,132.82,Silver,2.89,3,0.0,0
M3C001154,CMP_M3,Social,0.15,4,31,107.53,Gold,0.34,1,0.0,0
M3C001155,CMP_M3,Push,0,11,89,127.03,Bronze,4.31,0,0.0,0
M3C001156,CMP_M3,SMS,0,6,391,131.22,Gold,2.1,3,0.0,0
M3C001157,CMP_M3,Social,0.15,8,315,72.93,Bronze,4.1,2,0.0,0
M3C001158,CMP_M3,Social,5,9,197,92.64,Bronze,4.02,1,0.0,0
M3C001159,CMP_M3,Social,0,14,40,35.96,Gold,3.27,1,0.0,0
M3C001160,CMP_M3,SMS,0.2,6,68,139.56,Bronze,1.75,2,0.0,0
M3C001161,CMP_M3,Social,0.05,5,187,108.38,Silver,3.2,0,0.0,0
M3C001162,CMP_M3,Push,0.15,2,70,37.38,Bronze,0.42,2,0.0,0
M3C001163,CMP_M3,SMS,0,7,157,109.82,Silver,0.66,1,0.0,0
M3C001164,CMP_M3,push,10,11,377,32.9,Bronze,4.65,1,0.0,0
M3C001165,CMP_M3,SMS,0.2,8,288,103.62,Bronze,2.57,1,0.0,0
M3C001166,CMP_M3,push,0.05,0,388,48.92,Gold,4.26,3,0.0,0
M3C001167,CMP_M3,Push,0,16,386,34.02,Gold,3.72,2,0.0,0
M3C001168,CMP_M3,SMS,0.1,4,416,87.31,Silver,4.36,1,0.0,0
M3C001169,CMP_M3,push,0.2,14,309,131.36,Gold,2.6,1,0.0,0
M3C001170,CMP_M3,push,0,9,64,90.92,Gold,2.73,1,132.47,1
M3C001171,CMP_M3,SMS,0.05,15,144,135.7,Silver,2.48,1,0.0,0
M3C001172,CMP_M3,Social,0.15,7,212,23.47,Bronze,1.23,2,0.0,0
M3C001173,CMP_M3,Push,0.2,13,297,128.87,Bronze,1.86,3,0.0,0
M3C001174,CMP_M3,Email,0.15,3,50,133.38,Silver,2.7,1,0.0,0
M3C001175,CMP_M3,Email,0.2,10,328,118.67,Gold,3.49,1,0.0,0
M3C001176,CMP_M3,Email,0,16,270,124.03,Gold,1.83,3,0.0,0
M3C001177,CMP_M3,SMS,0.05,14,255,47.65,Bronze,0.42,2,0.0,0
M3C001178,CMP_M3,SMS,0.15,14,207,88.32,Silver,0.55,3,0.0,0
M3C001179,CMP_M3,SMS,0.15,16,278,31.94,Gold,2.97,1,0.0,0
M3C001180,CMP_M3,Push,0.15,6,133,93.0,Silver,4.24,1,0.0,0
M3C001181,CMP_M3,Email,0.05,2,230,92.99,Gold,4.82,2,0.0,0
M3C001182,CMP_M3,Email,10,16,175,35.61,Gold,0.66,2,0.0,0
M3C001183,CMP_M3,SMS,0.2,1,281,48.7,Silver,1.51,2,0.0,0
M3C001184,CMP_M3,Email,0.2,3,208,123.48,Gold,3.12,3,0.0,0
M3C001185,CMP_M3,Social,0.15,9,109,33.16,Bronze,0.59,1,0.0,0
M3C001186,CMP_M3,Push,0.05,1,192,64.18,Silver,1.73,1,0.0,0
M3C001187,CMP_M3,push,0.2,2,401,132.32,Gold,0.61,2,0.0,0
M3C001188,CMP_M3,Social,10,8,286,109.85,Bronze,4.62,1,0.0,0
M3C001189,CMP_M3,Email,0.15,9,138,140.54,Gold,3.63,3,0.0,0
M3C001190,CMP_M3,SMS,0.1,2,47,51.35,Silver,1.93,0,0.0,0
M3C001191,CMP_M3,Email,0.15,11,304,91.62,Gold,4.39,1,0.0,0
M3C001192,CMP_M3,push,0.15,2,369,132.29,Silver,4.32,3,0.0,0
M3C001193,CMP_M3,Social,0.15,14,252,55.29,Bronze,3.56,3,0.0,0
M3C001194,CMP_M3,Push,0,2,335,66.35,Silver,0.38,0,0.0,0
M3C001195,CMP_M3,Email,0.15,10,164,51.76,Gold,1.13,2,168.64,1
M3C001196,CMP_M3,Social,0,7,224,105.82,Bronze,1.66,1,0.0,0
M3C001197,CMP_M3,Push,0.2,5,37,18.95,Bronze,3.73,3,0.0,0
M3C001198,CMP_M3,SMS,0.1,4,357,134.95,Gold,2.29,2,0.0,0
M3C001199,CMP_M3,push,0.05,1,41,94.09,Silver,3.45,8,166.49,1
M3C001200,CMP_M3,Social,10,6,39,100.02,Silver,4.84,1,0.0,0
M3C001201,CMP_M3,Social,0.15,2,195,33.5,Gold,1.58,0,0.0,0
M3C001202,CMP_M3,Social,0.1,10,388,48.88,Bronze,0.48,0,0.0,0
M3C001203,CMP_M3,Email,0.1,16,332,109.12,Silver,2.2,1,0.0,0
M3C001204,CMP_M3,Social,0,5,292,87.44,Gold,2.37,0,0.0,0
M3C001205,CMP_M3,Push,0,13,104,108.87,Silver,3.07,0,0.0,0
M3C001206,CMP_M3,SMS,10,8,292,68.82,Gold,0.59,3,0.0,0
M3C001207,CMP_M3,Push,0,16,240,78.4,Bronze,0.41,2,0.0,0
M3C001208,CMP_M3,Email,0.2,5,379,70.53,Silver,4.73,3,0.0,0
M3C001209,CMP_M3,Push,0,10,413,131.08,Gold,3.11,2,0.0,0
M3C001210,CMP_M3,push,0.2,14,91,84.71,Silver,3.22,3,0.0,0
M3C001211,CMP_M3,push,0.1,13,279,90.15,Gold,4.52,1,0.0,0
M3C001212,CMP_M3,Social,15,13,379,99.19,Silver,3.71,2,0.0,0
M3C001213,CMP_M3,Push,0.2,2,124,136.63,Bronze,4.41,3,0.0,0
M3C001214,CMP_M3,SMS,0,9,420,86.41,Bronze,0.38,1,0.0,0
M3C001215,CMP_M3,Push,0.05,11,323,100.78,Silver,4.52,0,0.0,0
M3C001216,CMP_M3,SMS,0.2,13,47,67.67,Silver,4.05,1,0.0,0
M3C001217,CMP_M3,push,0,11,262,77.89,Silver,2.1,3,0.0,0
M3C001218,CMP_M3,push,10,1,342,48.2,Gold,2.09,0,0.0,0
M3C001219,CMP_M3,SMS,0.2,11,214,20.78,Bronze,1.16,1,0.0,0
M3C001220,CMP_M3,Email,0.05,11,290,118.58,Gold,0.64,2,0.0,0
M3C001221,CMP_M3,Social,0.1,7,130,33.97,Bronze,0.59,3,0.0,0
M3C001222,CMP_M3,Push,0,16,99,32.9,Bronze,3.85,2,60.65,1
M3C001223,CMP_M3,push,0.2,12,409,73.1,Bronze,0.51,0,0.0,0
M3C001224,CMP_M3,push,15,10,339,104.91,Bronze,3.4,1,0.0,0
M3C001225,CMP_M3,SMS,0,9,10,84.96,Gold,0.49,1,0.0,0
M3C001226,CMP_M3,push,0.15,13,313,74.51,Bronze,2.42,2,0.0,0
M3C001227,CMP_M3,Social,0.15,11,242,125.98,Silver,2.16,3,0.0,0
M3C001228,CMP_M3,Email,0,3,412,57.21,Silver,1.43,8,93.93,1
M3C001229,CMP_M3,Email,0.2,8,6,85.09,Silver,4.66,2,0.0,0
M3C001230,CMP_M3,SMS,20,7,380,42.02,Bronze,2.93,2,0.0,0
M3C001231,CMP_M3,Email,0.05,9,40,81.31,Gold,2.79,0,0.0,0
M3C001232,CMP_M3,push,0.2,12,377,99.53,Bronze,3.79,2,0.0,0
M3C001233,CMP_M3,SMS,0.1,1,320,46.99,Silver,2.94,0,0.0,0
M3C001234,CMP_M3,Social,0.1,16,370,114.79,Silver,3.35,3,0.0,0
M3C001235,CMP_M3,Social,0,0,257,18.46,Bronze,0.81,1,0.0,0
M3C001236,CMP_M3,Email,20,5,371,98.2,Bronze,2.09,0,0.0,0
M3C001237,CMP_M3,Email,0.05,11,380,112.16,Silver,1.58,0,0.0,0
M3C001238,CMP_M3,push,0.05,11,159,51.32,Silver,3.91,0,0.0,0
M3C001239,CMP_M3,push,0.15,0,325,97.15,Bronze,4.03,0,0.0,0
M3C001240,CMP_M3,Push,0,13,343,140.81,Silver,4.21,6,91.31,1
M3C001241,CMP_M3,Social,0.1,12,237,118.92,Silver,4.81,1,0.0,0
M3C001242,CMP_M3,Email,15,6,216,91.25,Gold,4.42,3,0.0,0
M3C001243,CMP_M3,Push,0.05,13,277,101.66,Bronze,3.84,3,0.0,0
M3C001244,CMP_M3,Push,0.15,9,160,109.44,Bronze,4.88,3,0.0,0
M3C001245,CMP_M3,Email,0.05,2,91,46.19,Gold,2.49,0,0.0,0
M3C001246,CMP_M3,Email,0,1,64,23.57,Bronze,1.67,3,0.0,0
M3C001247,CMP_M3,Social,0.2,8,37,68.06,Silver,0.22,3,0.0,0
M3C001248,CMP_M3,SMS,15,0,207,115.27,Gold,1.96,2,0.0,0
M3C001249,CMP_M3,Email,0.05,10,358,79.93,Silver,1.97,1,0.0,0
M3C001250,CMP_M3,Push,0.05,6,263,102.77,Bronze,4.7,1,0.0,0
M3C001251,CMP_M3,SMS,0.15,9,189,72.23,Bronze,0.54,0,0.0,0
M3C001252,CMP_M3,SMS,0.15,12,83,49.4,Gold,1.43,0,0.0,0
M3C001253,CMP_M3,Push,0.15,10,294,91.65,Gold,2.17,2,0.0,0
M3C001254,CMP_M3,push,0,9,18,75.66,Gold,4.19,2,0.0,0
M3C001255,CMP_M3,SMS,0.2,11,324,92.99,Gold,3.84,1,30.15,1
M3C001256,CMP_M3,Push,0.15,6,349,106.43,Bronze,1.3,1,0.0,0
M3C001257,CMP_M3,Social,0,12,141,35.67,Silver,1.08,1,0.0,0
M3C001258,CMP_M3,Push,0.2,3,393,126.47,Gold,3.42,3,169.58,1
M3C001259,CMP_M3,Social,0,12,264,67.88,Bronze,2.93,3,0.0,0
M3C001260,CMP_M3,Social,0,9,390,97.99,Silver,0.73,0,0.0,0
M3C001261,CMP_M3,Email,0.1,15,98,73.34,Silver,0.43,0,0.0,0
M3C001262,CMP_M3,Social,0.05,10,418,24.63,Gold,1.85,2,0.0,0
M3C001263,CMP_M3,SMS,0.15,15,372,27.94,Gold,4.13,3,0.0,0
M3C001264,CMP_M3,Push,0.2,14,249,36.06,Gold,3.22,2,0.0,0
M3C001265,CMP_M3,SMS,0.15,3,159,119.83,Silver,1.55,2,0.0,0
M3C001266,CMP_M3,Push,15,13,394,130.87,Silver,2.51,1,0.0,0
M3C001267,CMP_M3,Push,0.05,11,230,55.72,Silver,4.26,2,0.0,0
M3C001268,CMP_M3,Social,0,11,214,128.88,Gold,4.58,1,0.0,0
M3C001269,CMP_M3,SMS,0.05,6,116,55.24,Gold,3.13,0,0.0,0
M3C001270,CMP_M3,Push,0.1,12,400,55.29,Gold,1.29,1,0.0,0
M3C001271,CMP_M3,SMS,0.1,8,310,54.6,Silver,1.67,1,0.0,0
M3C001272,CMP_M3,push,5,9,312,90.15,Silver,4.26,0,0.0,0
M3C001273,CMP_M3,push,0.05,13,184,142.34,Silver,0.95,0,0.0,0
M3C001274,CMP_M3,push,0,16,243,80.77,Silver,3.12,0,0.0,0
M3C001275,CMP_M3,SMS,0.1,5,279,24.97,Bronze,0.64,0,0.0,0
M3C001276,CMP_M3,Social,0,3,416,100.96,Bronze,0.73,3,0.0,0
M3C001277,CMP_M3,Push,0.2,12,39,37.77,Gold,1.73,1,0.0,0
M3C001278,CMP_M3,Email,0,10,191,114.8,Bronze,4.33,2,0.0,0
M3C001279,CMP_M3,Social,0.05,1,238,44.12,Gold,3.21,0,0.0,0
M3C001280,CMP_M3,SMS,0.15,13,110,96.48,Bronze,1.4,3,0.0,0
M3C001281,CMP_M3,push,0.1,8,114,95.62,Bronze,2.15,2,0.0,0
M3C001282,CMP_M3,SMS,0.1,12,59,93.04,Bronze,1.58,0,0.0,0
M3C001283,CMP_M3,Push,0.05,12,241,26.6,Bronze,3.43,3,0.0,0
M3C001284,CMP_M3,Email,0,14,199,50.93,Gold,3.77,1,0.0,0
M3C001285,CMP_M3,Push,0.05,10,48,118.98,Gold,2.1,3,0.0,0
M3C001286,CMP_M3,Social,0,6,407,125.72,Silver,2.08,1,0.0,0
M3C001287,CMP_M3,SMS,0.15,6,329,88.09,Silver,1.96,3,0.0,0
M3C001288,CMP_M3,Social,0,0,396,119.87,Bronze,2.74,2,0.0,0
M3C001289,CMP_M3,Social,0.1,12,376,113.2,Bronze,4.17,0,0.0,0
M3C001290,CMP_M3,push,0,9,147,121.67,Gold,1.95,3,0.0,0
M3C001291,CMP_M3,Email,0,5,107,39.87,Gold,4.56,8,151.88,1
M3C001292,CMP_M3,Push,0.05,1,324,42.46,Gold,1.16,3,0.0,0
M3C001293,CMP_M3,Push,0.2,8,297,137.78,Gold,4.27,1,0.0,0
M3C001294,CMP_M3,Social,0.05,2,329,31.91,Gold,3.25,7,164.19,1
M3C001295,CMP_M3,push,0.2,10,299,121.17,Silver,3.9,2,0.0,0
M3C001296,CMP_M3,Email,10,2,419,33.05,Silver,1.05,1,0.0,0
M3C001297,CMP_M3,Social,0.1,8,272,139.98,Silver,4.45,3,0.0,0
M3C001298,CMP_M3,Push,0.15,0,298,45.34,Gold,1.84,1,0.0,0
M3C001299,CMP_M3,SMS,0,14,242,68.33,Bronze,0.75,2,0.0,0
M3C001300,CMP_M3,Social,0.2,8,13,93.21,Silver,2.42,1,0.0,0
M3C001301,CMP_M3,Email,0.2,8,30,42.5,Gold,1.58,1,0.0,0
M3C001302,CMP_M3,Push,5,14,362,96.3,Bronze,3.16,2,0.0,0
M3C001303,CMP_M3,Push,0,15,384,134.53,Bronze,0.72,2,0.0,0
M3C001304,CMP_M3,Social,0.05,16,162,64.53,Silver,1.77,0,0.0,0
M3C001305,CMP_M3,Email,0.15,4,48,44.69,Bronze,0.69,1,0.0,0
M3C001306,CMP_M3,push,0.15,13,37,21.28,Bronze,1.21,3,137.6,1
M3C001307,CMP_M3,push,0.05,1,213,81.89,Bronze,0.94,2,0.0,0
M3C001308,CMP_M3,Push,5,12,389,26.09,Silver,4.58,3,0.0,0
M3C001309,CMP_M3,push,0.2,11,301,102.0,Silver,2.53,1,0.0,0
M3C001310,CMP_M3,Social,0,15,96,119.78,Gold,1.21,1,0.0,0
M3C001311,CMP_M3,SMS,0.2,9,79,80.73,Gold,4.02,0,0.0,0
M3C001312,CMP_M3,push,0.2,10,58,49.96,Silver,3.99,2,0.0,0
M3C001313,CMP_M3,Push,0.2,6,110,34.24,Gold,3.4,2,0.0,0
M3C001314,CMP_M3,Push,0,3,232,112.31,Silver,0.74,3,0.0,0
M3C001315,CMP_M3,SMS,0.05,13,8,85.41,Gold,2.72,3,0.0,0
M3C001316,CMP_M3,Email,0,5,391,22.38,Silver,0.74,0,0.0,0
M3C001317,CMP_M3,Push,0,3,129,134.87,Bronze,4.26,3,0.0,0
M3C001318,CMP_M3,SMS,0.1,6,298,18.55,Bronze,0.82,6,53.21,1
M3C001319,CMP_M3,Email,0.05,7,44,45.45,Bronze,1.87,0,0.0,0
M3C001320,CMP_M3,push,0,8,186,122.57,Silver,2.05,2,0.0,0
M3C001321,CMP_M3,push,0.2,11,349,57.95,Silver,0.58,3,0.0,0
M3C001322,CMP_M3,Social,0,4,310,142.34,Gold,3.52,0,0.0,0
M3C001323,CMP_M3,Email,0.1,7,71,52.99,Gold,2.05,3,0.0,0
M3C001324,CMP_M3,Social,0,7,197,59.62,Bronze,3.75,3,0.0,0
M3C001325,CMP_M3,Push,0.2,5,120,75.67,Silver,3.37,2,0.0,0
M3C001326,CMP_M3,Email,20,0,328,60.92,Bronze,2.9,1,0.0,0
M3C001327,CMP_M3,Social,0.2,15,89,18.89,Silver,4.12,3,0.0,0
M3C001328,CMP_M3,Push,0.05,7,390,73.31,Silver,1.15,2,0.0,0
M3C001329,CMP_M3,Push,0.05,15,175,19.6,Silver,4.16,0,0.0,0
M3C001330,CMP_M3,Push,0.05,0,247,26.58,Bronze,1.44,1,0.0,0
M3C001331,CMP_M3,Social,0,5,409,125.48,Gold,3.11,2,0.0,0
M3C001332,CMP_M3,Email,15,4,355,142.16,Gold,4.25,3,0.0,0
M3C001333,CMP_M3,SMS,0.2,15,251,111.9,Gold,2.77,3,0.0,0
M3C001334,CMP_M3,SMS,0.2,8,186,126.98,Silver,4.14,3,0.0,0
M3C001335,CMP_M3,Social,0.05,13,287,94.77,Bronze,3.83,2,0.0,0
M3C001336,CMP_M3,Email,0.05,12,346,92.56,Gold,4.66,0,0.0,0
M3C001337,CMP_M3,SMS,0.2,0,418,32.18,Bronze,2.78,1,0.0,0
M3C001338,CMP_M3,SMS,15,6,101,69.35,Bronze,4.17,2,0.0,0
M3C001339,CMP_M3,Email,0.2,8,68,30.02,Bronze,1.77,6,93.51,1
M3C001340,CMP_M3,Social,0.05,11,236,75.34,Bronze,4.84,2,0.0,0
M3C001341,CMP_M3,SMS,0.05,13,333,117.35,Gold,1.26,1,59.51,1
M3C001342,CMP_M3,push,0.05,4,283,136.01,Bronze,4.0,1,0.0,0
M3C001343,CMP_M3,Social,0.05,9,345,112.29,Bronze,2.03,1,62.14,1
M3C001344,CMP_M3,Social,15,1,213,26.81,Bronze,4.32,1,0.0,0
M3C001345,CMP_M3,Email,0.15,16,247,22.14,Gold,1.44,8,74.13,1
M3C001346,CMP_M3,push,0.2,8,353,121.57,Silver,0.72,3,0.0,0
M3C001347,CMP_M3,Push,0,15,329,125.32,Bronze,4.36,6,28.53,1
M3C001348,CMP_M3,Social,0.2,4,205,84.82,Silver,2.02,0,0.0,0
M3C001349,CMP_M3,Social,0,3,127,141.59,Silver,3.92,2,0.0,0
M3C001350,CMP_M3,SMS,0,9,67,45.73,Bronze,2.86,3,0.0,0
M3C001351,CMP_M3,Email,0.05,11,93,90.11,Bronze,0.26,1,165.72,1
M3C001352,CMP_M3,Social,0.15,15,222,130.57,Gold,1.53,2,0.0,0
M3C001353,CMP_M3,Email,0.15,4,100,140.74,Gold,3.63,1,0.0,0
M3C001354,CMP_M3,Social,0.2,2,41,65.61,Bronze,0.28,2,0.0,0
M3C001355,CMP_M3,Email,0,14,238,75.11,Bronze,4.89,0,0.0,0
M3C001356,CMP_M3,push,20,0,354,72.29,Silver,2.23,2,0.0,0
M3C001357,CMP_M3,Push,0.1,5,385,120.92,Gold,0.2,0,0.0,0
M3C001358,CMP_M3,push,0,9,418,46.54,Silver,3.26,0,0.0,0
M3C001359,CMP_M3,Push,0.15,6,156,134.83,Bronze,0.48,1,0.0,0
M3C001360,CMP_M3,Social,0.05,12,222,135.49,Bronze,0.86,3,31.53,1
M3C001361,CMP_M3,push,0.05,4,132,108.46,Gold,4.69,0,0.0,0
M3C001362,CMP_M3,Social,10,6,315,82.03,Silver,1.9,3,0.0,0
M3C001363,CMP_M3,push,0.05,9,385,117.83,Silver,0.37,4,121.03,1
M3C001364,CMP_M3,Email,0.1,12,12,99.7,Bronze,3.22,2,0.0,0
M3C001365,CMP_M3,Social,0.1,6,202,92.73,Gold,1.21,0,0.0,0
M3C001366,CMP_M3,SMS,0.15,11,182,104.04,Silver,2.13,1,0.0,0
M3C001367,CMP_M3,Push,0.05,14,51,32.51,Gold,3.7,1,0.0,0
M3C001368,CMP_M3,push,0,9,324,126.05,Bronze,1.31,3,0.0,0
M3C001369,CMP_M3,Email,0.1,10,353,47.46,Silver,3.27,4,165.61,1
M3C001370,CMP_M3,push,0,14,6,89.12,Bronze,1.07,0,0.0,0
M3C001371,CMP_M3,Social,0.1,10,13,70.04,Gold,2.22,1,0.0,0
M3C001372,CMP_M3,SMS,0.15,8,17,27.27,Gold,3.19,5,136.83,1
M3C001373,CMP_M3,Push,0,0,80,84.39,Silver,4.5,0,0.0,0
M3C001374,CMP_M3,Social,10,3,253,72.45,Silver,2.68,3,0.0,0
M3C001375,CMP_M3,push,0,4,198,96.46,Gold,0.35,1,0.0,0
M3C001376,CMP_M3,SMS,0.15,3,60,120.99,Silver,4.53,1,0.0,0
M3C001377,CMP_M3,Push,0.15,6,80,37.39,Gold,4.78,5,100.7,1
M3C001378,CMP_M3,Social,0.2,15,317,139.31,Bronze,3.55,2,0.0,0
M3C001379,CMP_M3,push,0.15,6,90,49.32,Bronze,2.41,0,0.0,0
M3C001380,CMP_M3,SMS,20,16,333,118.81,Gold,3.8,1,0.0,0
M3C001381,CMP_M3,Email,0.1,15,218,67.31,Gold,4.52,2,0.0,0
M3C001382,CMP_M3,Email,0.2,0,236,36.73,Gold,2.83,3,47.01,1
M3C001383,CMP_M3,push,0,7,234,48.31,Silver,3.75,2,0.0,0
M3C001384,CMP_M3,SMS,0.2,10,306,90.46,Gold,4.26,0,0.0,0
M3C001385,CMP_M3,SMS,0.2,16,97,144.4,Bronze,1.03,0,0.0,0
M3C001386,CMP_M3,Social,0,1,304,18.1,Silver,3.69,2,0.0,0
M3C001387,CMP_M3,Push,0.2,7,271,110.01,Gold,4.61,2,0.0,0
M3C001388,CMP_M3,Social,0.15,13,241,94.7,Silver,3.81,1,0.0,0
M3C001389,CMP_M3,Social,0.15,2,1,123.17,Bronze,4.49,2,0.0,0
M3C001390,CMP_M3,Social,0.05,10,35,45.15,Silver,3.96,3,0.0,0
M3C001391,CMP_M3,Social,0.1,7,202,56.16,Bronze,2.47,0,0.0,0
M3C001392,CMP_M3,SMS,5,11,398,115.94,Bronze,0.87,1,0.0,0
M3C001393,CMP_M3,push,0.1,16,19,37.18,Silver,1.64,1,0.0,0
M3C001394,CMP_M3,Email,0.05,5,161,67.45,Silver,2.89,3,0.0,0
M3C001395,CMP_M3,Push,0.15,11,204,60.22,Gold,1.24,1,0.0,0
M3C001396,CMP_M3,Social,0.2,5,420,106.45,Silver,2.45,0,0.0,0
M3C001397,CMP_M3,Email,0.15,15,240,109.65,Gold,2.23,5,31.26,1
M3C001398,CMP_M3,Social,5,4,286,68.34,Bronze,1.98,0,0.0,0
M3C001399,CMP_M3,SMS,0.1,14,336,58.02,Gold,2.92,2,0.0,0
M3C001400,CMP_M3,push,0.2,10,267,102.67,Gold,0.81,0,0.0,0
M3C001401,CMP_M3,SMS,0.05,13,17,58.64,Silver,1.01,3,0.0,0
M3C001402,CMP_M3,Push,0,13,207,75.06,Gold,2.24,1,0.0,0
M3C001403,CMP_M3,Push,0.05,3,106,131.69,Silver,3.84,1,0.0,0
M3C001404,CMP_M3,SMS,10,11,346,36.63,Silver,3.2,0,0.0,0
M3C001405,CMP_M3,Email,0.2,0,373,92.11,Gold,0.8,2,0.0,0
M3C001406,CMP_M3,Email,0,8,135,54.15,Silver,4.27,0,0.0,0
M3C001407,CMP_M3,push,0.05,11,349,76.83,Bronze,1.95,2,0.0,0
M3C001408,CMP_M3,Social,0,10,366,137.05,Bronze,3.51,3,0.0,0
M3C001409,CMP_M3,Social,0.1,7,144,140.25,Bronze,4.78,3,0.0,0
M3C001410,CMP_M3,Email,20,13,161,94.01,Bronze,1.04,2,0.0,0
M3C001411,CMP_M3,Push,0.1,2,412,24.39,Silver,2.66,1,0.0,0
M3C001412,CMP_M3,Push,0.15,13,150,107.79,Gold,3.48,1,157.84,1
M3C001413,CMP_M3,Social,0.15,1,194,32.74,Bronze,2.52,4,67.12,1
M3C001414,CMP_M3,Social,0.05,9,249,71.47,Gold,4.11,2,0.0,0
M3C001415,CMP_M3,Push,0.2,9,144,82.99,Silver,1.96,5,88.48,1
M3C001416,CMP_M3,Social,5,9,277,45.04,Bronze,1.48,2,0.0,0
M3C001417,CMP_M3,SMS,0.1,14,39,138.21,Bronze,2.06,3,0.0,0
M3C001418,CMP_M3,Email,0.15,0,299,94.93,Bronze,2.84,0,0.0,0
M3C001419,CMP_M3,Social,0.15,16,197,124.42,Silver,3.26,1,0.0,0
M3C001420,CMP_M3,Push,0.1,15,193,71.48,Gold,3.26,2,0.0,0
M3C001421,CMP_M3,Push,0.2,7,102,82.41,Gold,4.38,1,0.0,0
M3C001422,CMP_M3,SMS,15,13,386,58.72,Bronze,0.89,3,0.0,0
M3C001423,CMP_M3,Email,0.05,9,97,81.48,Gold,1.24,2,0.0,0
M3C001424,CMP_M3,Social,0.15,14,225,78.89,Gold,4.5,2,0.0,0
M3C001425,CMP_M3,SMS,0,8,161,34.43,Gold,0.5,1,0.0,0
M3C001426,CMP_M3,SMS,0.2,5,197,54.79,Bronze,4.65,0,0.0,0
M3C001427,CMP_M3,push,0,8,241,122.53,Gold,4.12,3,0.0,0
M3C001428,CMP_M3,Social,20,3,278,28.29,Silver,0.78,0,0.0,0
M3C001429,CMP_M3,Push,0,3,141,63.58,Silver,3.44,0,0.0,0
M3C001430,CMP_M3,SMS,0.2,12,331,141.98,Bronze,1.23,3,0.0,0
M3C001431,CMP_M3,Push,0.1,16,208,26.64,Bronze,2.2,2,0.0,0
M3C001432,CMP_M3,Push,0,10,344,45.77,Silver,1.67,3,0.0,0
M3C001433,CMP_M3,SMS,0,13,153,113.9,Gold,2.41,2,0.0,0
M3C001434,CMP_M3,Social,20,11,72,43.37,Bronze,2.15,1,0.0,0
M3C001435,CMP_M3,Push,0.15,10,409,22.25,Bronze,4.22,1,0.0,0
M3C001436,CMP_M3,Email,0.2,16,19,72.76,Bronze,1.28,1,0.0,0
M3C001437,CMP_M3,SMS,0.05,7,149,68.06,Bronze,4.0,1,0.0,0
M3C001438,CMP_M3,Email,0.2,13,392,114.33,Gold,2.18,1,0.0,0
M3C001439,CMP_M3,Social,0.05,11,262,24.92,Gold,4.84,1,0.0,0
M3C001440,CMP_M3,Push,5,13,345,52.48,Silver,0.3,0,0.0,0
M3C001441,CMP_M3,Social,0,2,225,41.8,Bronze,3.05,1,0.0,0
M3C001442,CMP_M3,Push,0.05,1,61,141.56,Gold,1.14,3,0.0,0
M3C001443,CMP_M3,SMS,0.1,6,319,64.67,Silver,4.26,1,0.0,0
M3C001444,CMP_M3,push,0.2,6,64,49.72,Silver,3.17,1,0.0,0
M3C001445,CMP_M3,SMS,0,1,339,100.95,Bronze,0.7,3,0.0,0
M3C001446,CMP_M3,Push,0,3,381,80.49,Silver,0.72,0,0.0,0
M3C001447,CMP_M3,Email,0,14,88,59.09,Gold,3.94,2,0.0,0
M3C001448,CMP_M3,Social,0,4,96,92.5,Bronze,0.92,3,0.0,0
M3C001449,CMP_M3,Social,0.15,2,196,47.67,Bronze,0.24,3,0.0,0
M3C001450,CMP_M3,push,0.05,15,385,91.49,Gold,3.34,4,134.34,1
M3C001451,CMP_M3,SMS,0,3,369,44.51,Gold,2.86,1,0.0,0
M3C001452,CMP_M3,SMS,15,1,353,105.21,Gold,1.9,3,0.0,0
M3C001453,CMP_M3,Social,0.1,2,267,51.19,Bronze,4.59,2,0.0,0
M3C001454,CMP_M3,SMS,0.1,0,43,143.83,Silver,2.83,3,0.0,0
M3C001455,CMP_M3,Email,0.1,0,102,87.17,Gold,2.87,1,0.0,0
M3C001456,CMP_M3,Push,0.15,11,203,42.13,Silver,4.34,1,0.0,0
M3C001457,CMP_M3,push,0,12,395,129.88,Bronze,1.12,1,0.0,0
M3C001458,CMP_M3,SMS,10,3,182,112.14,Bronze,2.27,1,0.0,0
M3C001459,CMP_M3,push,0.15,9,297,95.13,Bronze,2.41,1,0.0,0
M3C001460,CMP_M3,Email,0.05,1,286,85.94,Gold,3.98,0,0.0,0
M3C001461,CMP_M3,SMS,0.05,7,257,131.17,Bronze,4.4,0,0.0,0
M3C001462,CMP_M3,SMS,0.05,0,244,73.24,Silver,1.39,1,0.0,0
M3C001463,CMP_M3,Social,0.1,12,87,92.63,Silver,1.92,1,0.0,0
M3C001464,CMP_M3,Push,0,9,121,66.32,Bronze,2.55,1,0.0,0
M3C001465,CMP_M3,Social,0.15,13,260,141.29,Bronze,2.25,3,132.44,1
M3C001466,CMP_M3,push,0.15,8,317,58.84,Silver,3.93,3,0.0,0
M3C001467,CMP_M3,SMS,0.2,9,264,48.33,Silver,0.8,0,0.0,0
M3C001468,CMP_M3,Email,0.05,15,230,66.64,Gold,4.13,0,0.0,0
M3C001469,CMP_M3,push,0.2,11,133,58.15,Gold,3.18,2,0.0,0
M3C001470,CMP_M3,push,20,7,64,128.58,Gold,2.44,3,34.88,1
M3C001471,CMP_M3,Social,0.2,4,94,119.79,Silver,3.12,2,0.0,0
M3C001472,CMP_M3,push,0.2,15,250,114.85,Silver,3.46,1,0.0,0
M3C001473,CMP_M3,Email,0.1,3,194,134.31,Bronze,3.71,1,0.0,0
M3C001474,CMP_M3,Email,0.15,14,239,126.95,Gold,2.77,0,0.0,0
M3C001475,CMP_M3,Email,0.2,16,54,62.09,Bronze,3.48,0,0.0,0
M3C001476,CMP_M3,push,10,0,71,137.75,Gold,2.54,1,0.0,0
M3C001477,CMP_M3,push,0.05,11,282,100.65,Gold,0.9,4,46.28,1
M3C001478,CMP_M3,push,0.1,8,278,98.97,Silver,1.52,0,0.0,0
M3C001479,CMP_M3,Social,0,3,257,75.14,Silver,3.73,0,0.0,0
M3C001480,CMP_M3,push,0.1,2,254,54.17,Silver,3.31,3,0.0,0
M3C001481,CMP_M3,SMS,0.1,15,13,34.86,Gold,4.47,0,0.0,0
M3C001482,CMP_M3,Email,20,4,98,68.94,Silver,3.26,0,0.0,0
M3C001483,CMP_M3,Social,0.05,16,182,30.43,Bronze,4.37,3,0.0,0
M3C001484,CMP_M3,Push,0.05,10,10,79.65,Gold,3.7,1,0.0,0
M3C001485,CMP_M3,Email,0,0,338,76.34,Gold,1.74,0,0.0,0
M3C001486,CMP_M3,SMS,0,9,190,82.57,Gold,0.37,1,0.0,0
M3C001487,CMP_M3,push,0.05,11,142,95.97,Silver,3.49,3,0.0,0
M3C001488,CMP_M3,Push,5,13,107,91.01,Bronze,4.04,2,0.0,0
M3C001489,CMP_M3,Social,0.05,11,43,55.87,Gold,4.37,3,0.0,0
M3C001490,CMP_M3,Push,0.2,3,308,65.67,Bronze,4.07,2,0.0,0
M3C001491,CMP_M3,push,0.2,4,63,36.26,Gold,1.11,7,53.32,1
M3C001492,CMP_M3,push,0.2,16,398,74.7,Gold,1.82,1,0.0,0
M3C001493,CMP_M3,Email,0.2,9,119,92.8,Gold,0.7,1,0.0,0
M3C001494,CMP_M3,Social,15,0,391,142.49,Gold,1.85,3,0.0,0
M3C001495,CMP_M3,push,0.2,15,208,122.2,Gold,4.38,1,0.0,0
M3C001496,CMP_M3,Push,0.15,13,35,120.18,Silver,3.9,2,0.0,0
M3C001497,CMP_M3,SMS,0.2,14,361,68.28,Bronze,3.49,1,149.0,1
M3C001498,CMP_M3,SMS,0.05,5,228,49.17,Silver,3.58,0,0.0,0
M3C001499,CMP_M3,Email,0.2,9,40,57.78,Bronze,2.65,1,0.0,0
M3C001500,CMP_M3,SMS,10,4,418,61.48,Bronze,3.32,3,0.0,0
M3C001501,CMP_M3,push,0.15,8,239,64.0,Silver,0.23,3,0.0,0
M3C001502,CMP_M3,push,0.2,12,384,26.58,Gold,1.11,1,0.0,0
M3C001503,CMP_M3,Social,0.1,11,191,52.52,Silver,3.4,2,0.0,0
M3C001504,CMP_M3,push,0.05,10,75,103.22,Silver,0.93,1,0.0,0
M3C001505,CMP_M3,Email,0.15,12,413,99.71,Bronze,0.47,2,0.0,0
M3C001506,CMP_M3,SMS,5,16,292,60.02,Silver,1.83,3,0.0,0
M3C001507,CMP_M3,Email,0.15,16,183,110.34,Bronze,4.12,1,0.0,0
M3C001508,CMP_M3,SMS,0.1,9,50,95.25,Silver,1.0,3,0.0,0
M3C001509,CMP_M3,Push,0.05,8,178,120.51,Silver,3.26,2,0.0,0
M3C001510,CMP_M3,Push,0.15,4,357,68.38,Silver,2.82,0,0.0,0
M3C001511,CMP_M3,push,0,13,145,68.51,Gold,2.38,1,0.0,0
M3C001512,CMP_M3,Social,10,5,384,57.24,Bronze,3.17,0,0.0,0
M3C001513,CMP_M3,Push,0.1,12,375,77.8,Silver,4.78,3,0.0,0
M3C001514,CMP_M3,push,0.2,5,301,52.91,Gold,1.49,1,0.0,0
M3C001515,CMP_M3,Social,0,0,145,104.22,Silver,3.93,2,0.0,0
M3C001516,CMP_M3,Push,0.15,11,325,25.7,Bronze,4.71,0,0.0,0
M3C001517,CMP_M3,Push,0.1,2,189,37.05,Gold,4.79,0,0.0,0
M3C001518,CMP_M3,Push,5,13,316,113.23,Silver,3.64,3,0.0,0
M3C001519,CMP_M3,push,0.1,0,167,46.36,Gold,1.0,4,28.09,1
M3C001520,CMP_M3,SMS,0.1,9,96,25.05,Bronze,1.93,1,0.0,0
M3C001521,CMP_M3,Social,0.15,15,248,122.05,Bronze,1.87,0,0.0,0
M3C001522,CMP_M3,Email,0.15,7,256,96.21,Silver,3.04,2,0.0,0
M3C001523,CMP_M3,Email,0,9,203,112.3,Bronze,2.16,2,0.0,0
M3C001524,CMP_M3,SMS,5,13,275,77.8,Gold,4.11,1,0.0,0
M3C001525,CMP_M3,push,0.1,4,134,91.98,Gold,2.13,1,0.0,0
M3C001526,CMP_M3,Email,0.15,1,230,45.61,Bronze,2.71,1,0.0,0
M3C001527,CMP_M3,Email,0,7,232,118.84,Gold,2.41,1,0.0,0
M3C001528,CMP_M3,SMS,0,10,11,56.63,Bronze,4.28,2,0.0,0
M3C001529,CMP_M3,push,0.15,16,405,31.47,Bronze,4.5,3,0.0,0
M3C001530,CMP_M3,Push,5,0,163,49.75,Silver,1.57,2,0.0,0
M3C001531,CMP_M3,Email,0.1,7,253,107.34,Bronze,3.58,0,0.0,0
M3C001532,CMP_M3,Social,0.05,15,283,36.0,Silver,1.32,2,0.0,0
M3C001533,CMP_M3,Push,0.1,10,295,59.98,Silver,0.36,0,0.0,0
M3C001534,CMP_M3,Social,0.1,6,175,106.82,Bronze,0.78,2,0.0,0
M3C001535,CMP_M3,Email,0.15,7,354,63.35,Silver,0.59,0,0.0,0
M3C001536,CMP_M3,SMS,5,14,231,23.72,Silver,0.99,1,0.0,0
M3C001537,CMP_M3,Email,0.05,12,337,55.98,Bronze,1.36,6,97.04,1
M3C001538,CMP_M3,Email,0.2,2,28,110.22,Bronze,0.75,5,174.61,1
M3C001539,CMP_M3,Social,0,13,386,64.8,Gold,4.4,2,0.0,0
M3C001540,CMP_M3,Social,0.05,2,237,135.27,Silver,2.44,0,0.0,0
M3C001541,CMP_M3,Email,0.15,7,329,20.59,Bronze,3.36,2,0.0,0
M3C001542,CMP_M3,Social,20,7,214,62.35,Gold,3.64,2,0.0,0
M3C001543,CMP_M3,Email,0.05,2,200,94.71,Bronze,2.83,2,0.0,0
M3C001544,CMP_M3,push,0.2,12,377,119.16,Gold,2.18,2,0.0,0
M3C001545,CMP_M3,Push,0,10,372,116.21,Gold,0.36,1,0.0,0
M3C001546,CMP_M3,Social,0,14,34,42.09,Bronze,0.37,6,140.63,1
M3C001547,CMP_M3,Social,0,6,276,118.48,Bronze,4.78,1,0.0,0
M3C001548,CMP_M3,Social,10,7,185,128.52,Bronze,2.82,3,0.0,0
M3C001549,CMP_M3,push,0.15,15,74,23.48,Bronze,2.86,1,0.0,0
M3C001550,CMP_M3,Push,0.1,1,376,28.69,Bronze,4.27,1,0.0,0
M3C001551,CMP_M3,Push,0,6,96,137.52,Gold,3.42,1,0.0,0
M3C001552,CMP_M3,Social,0.05,7,310,135.99,Gold,3.52,3,0.0,0
M3C001553,CMP_M3,push,0.15,10,109,98.02,Silver,3.41,3,0.0,0
M3C001554,CMP_M3,SMS,20,13,6,128.07,Gold,4.03,1,0.0,0
M3C001555,CMP_M3,push,0,1,57,108.23,Bronze,4.34,6,81.48,1
M3C001556,CMP_M3,Email,0.1,11,171,50.45,Gold,3.55,1,157.81,1
M3C001557,CMP_M3,Email,0.15,2,243,60.7,Gold,2.48,1,87.53,1
M3C001558,CMP_M3,SMS,0.05,15,314,65.42,Silver,3.84,2,0.0,0
M3C001559,CMP_M3,Social,0.2,3,389,57.49,Bronze,1.15,3,0.0,0
M3C001560,CMP_M3,Social,0,12,401,114.5,Bronze,4.17,0,0.0,0
M3C001561,CMP_M3,Push,0.05,6,76,83.05,Bronze,0.95,1,0.0,0
M3C001562,CMP_M3,Email,0,4,133,44.14,Bronze,4.9,3,0.0,0
M3C001563,CMP_M3,Email,0.1,5,177,118.9,Gold,4.84,1,0.0,0
M3C001564,CMP_M3,push,0.15,7,368,61.68,Gold,2.34,7,134.46,1
M3C001565,CMP_M3,SMS,0.2,2,157,118.23,Silver,3.38,1,0.0,0
M3C001566,CMP_M3,SMS,15,15,246,97.59,Gold,3.3,8,136.55,1
M3C001567,CMP_M3,push,0.1,8,192,120.22,Bronze,1.7,1,0.0,0
M3C001568,CMP_M3,SMS,0.2,13,219,30.6,Gold,3.36,3,0.0,0
M3C001569,CMP_M3,Push,0.2,14,290,23.32,Gold,1.64,5,36.18,1
M3C001570,CMP_M3,SMS,0.2,10,198,59.18,Silver,2.27,1,0.0,0
M3C001571,CMP_M3,Social,0,10,70,99.34,Silver,3.68,3,0.0,0
M3C001572,CMP_M3,push,20,8,364,105.91,Gold,0.53,3,0.0,0
M3C001573,CMP_M3,Push,0.2,8,286,21.92,Silver,3.3,0,0.0,0
M3C001574,CMP_M3,Email,0.05,10,204,105.74,Silver,4.51,2,0.0,0
M3C001575,CMP_M3,SMS,0.2,10,281,79.81,Bronze,4.61,2,0.0,0
M3C001576,CMP_M3,SMS,0.15,3,63,38.51,Bronze,1.78,0,0.0,0
M3C001577,CMP_M3,push,0.2,3,328,86.57,Bronze,3.17,0,0.0,0
M3C001578,CMP_M3,push,15,2,307,118.63,Silver,2.54,3,0.0,0
M3C001579,CMP_M3,push,0.1,4,90,118.6,Gold,3.8,6,81.68,1
M3C001580,CMP_M3,SMS,0.05,14,282,121.74,Silver,2.11,0,0.0,0
M3C001581,CMP_M3,push,0.1,9,63,31.99,Gold,3.18,7,95.64,1
M3C001582,CMP_M3,SMS,0,1,243,123.74,Bronze,2.36,1,0.0,0
M3C001583,CMP_M3,Push,0,1,228,142.65,Gold,4.87,0,0.0,0
M3C001584,CMP_M3,SMS,10,6,250,83.64,Silver,3.05,0,0.0,0
M3C001585,CMP_M3,Email,0,6,173,87.59,Bronze,0.27,2,0.0,0
M3C001586,CMP_M3,Push,0,3,48,53.66,Bronze,0.54,1,0.0,0
M3C001587,CMP_M3,push,0,13,87,75.22,Bronze,2.05,1,0.0,0
M3C001588,CMP_M3,Push,0.1,2,28,64.28,Silver,3.61,2,33.01,1
M3C001589,CMP_M3,SMS,0,14,37,94.9,Bronze,1.11,2,0.0,0
M3C001590,CMP_M3,Email,0,10,186,96.78,Silver,4.41,3,0.0,0
M3C001591,CMP_M3,Email,0,2,90,112.23,Bronze,1.89,1,0.0,0
M3C001592,CMP_M3,push,0.15,11,128,66.47,Bronze,3.03,3,0.0,0
M3C001593,CMP_M3,SMS,0.1,14,72,58.29,Silver,2.56,1,0.0,0
M3C001594,CMP_M3,Email,0.15,7,103,40.37,Gold,1.63,3,0.0,0
M3C001595,CMP_M3,push,0.05,1,374,72.61,Silver,1.13,1,0.0,0
M3C001596,CMP_M3,Email,5,7,1,42.31,Gold,2.08,1,0.0,0
M3C001597,CMP_M3,Social,0.05,2,32,84.44,Gold,1.86,2,0.0,0
M3C001598,CMP_M3,Email,0.2,12,410,130.18,Bronze,1.65,1,0.0,0
M3C001599,CMP_M3,Email,0.15,2,413,52.01,Silver,2.0,3,0.0,0
M3C001600,CMP_M3,SMS,0,7,222,113.18,Bronze,3.22,0,0.0,0
M3C001601,CMP_M3,Social,0,9,117,41.04,Silver,4.35,1,0.0,0
M3C001602,CMP_M3,Push,15,14,315,96.29,Gold,1.84,5,75.28,1
M3C001603,CMP_M3,Push,0.05,3,258,130.53,Silver,2.87,3,0.0,0
M3C001604,CMP_M3,Email,0.2,8,372,45.84,Silver,2.86,8,93.96,1
M3C001605,CMP_M3,Email,0,3,38,133.65,Bronze,0.94,1,0.0,0
M3C001606,CMP_M3,Push,0.2,0,417,30.64,Bronze,0.65,1,0.0,0
M3C001607,CMP_M3,SMS,0.05,5,390,100.23,Silver,0.41,1,0.0,0
M3C001608,CMP_M3,push,5,1,216,35.35,Silver,1.24,1,0.0,0
M3C001609,CMP_M3,Email,0.05,6,138,44.81,Gold,1.36,2,0.0,0
M3C001610,CMP_M3,push,0.15,14,404,44.49,Bronze,0.68,0,0.0,0
M3C001611,CMP_M3,push,0.1,3,268,101.69,Gold,2.84,1,0.0,0
M3C001612,CMP_M3,Push,0,4,93,24.12,Bronze,1.05,7,77.44,1
M3C001613,CMP_M3,Push,0,2,1,117.4,Bronze,3.65,0,0.0,0
M3C001614,CMP_M3,Social,15,1,256,92.83,Silver,4.63,3,0.0,0
M3C001615,CMP_M3,Social,0.2,5,351,42.55,Bronze,2.41,2,0.0,0
M3C001616,CMP_M3,Email,0.2,10,146,29.58,Gold,4.38,2,0.0,0
M3C001617,CMP_M3,Social,0.2,2,45,47.73,Bronze,3.62,5,91.53,1
M3C001618,CMP_M3,Social,0.15,2,277,26.99,Silver,2.65,0,0.0,0
M3C001619,CMP_M3,SMS,0.05,3,301,28.92,Gold,4.67,0,0.0,0
M3C001620,CMP_M3,push,15,9,375,89.08,Bronze,2.29,1,0.0,0
M3C001621,CMP_M3,SMS,0.2,16,115,76.58,Gold,3.88,1,151.3,1
M3C001622,CMP_M3,push,0.2,6,152,90.07,Bronze,0.47,0,0.0,0
M3C001623,CMP_M3,SMS,0.05,11,133,54.83,Gold,1.24,2,0.0,0
M3C001624,CMP_M3,Social,0.1,5,139,97.17,Bronze,2.92,1,0.0,0
M3C001625,CMP_M3,Email,0.1,0,289,47.99,Bronze,1.98,0,0.0,0
M3C001626,CMP_M3,Email,20,10,391,106.11,Bronze,2.97,2,0.0,0
M3C001627,CMP_M3,Push,0,16,382,55.26,Silver,1.92,2,0.0,0
M3C001628,CMP_M3,push,0,8,181,51.04,Bronze,4.41,2,0.0,0
M3C001629,CMP_M3,Push,0.1,11,340,82.56,Gold,3.91,1,0.0,0
M3C001630,CMP_M3,push,0.1,3,45,121.23,Silver,4.02,2,0.0,0
M3C001631,CMP_M3,Email,0.05,13,388,64.66,Silver,2.12,2,0.0,0
M3C001632,CMP_M3,SMS,20,5,48,137.62,Gold,0.52,1,0.0,0
M3C001633,CMP_M3,SMS,0,1,278,78.3,Silver,1.43,0,0.0,0
M3C001634,CMP_M3,Social,0.05,7,29,121.59,Silver,0.31,2,0.0,0
M3C001635,CMP_M3,SMS,0.2,9,270,91.1,Silver,4.08,0,0.0,0
M3C001636,CMP_M3,push,0.1,15,139,75.18,Bronze,2.25,0,0.0,0
M3C001637,CMP_M3,Email,0.2,2,26,36.4,Silver,1.45,1,0.0,0
M3C001638,CMP_M3,Social,10,11,214,138.03,Gold,1.72,1,0.0,0
M3C001639,CMP_M3,push,0.1,4,132,34.79,Gold,3.96,1,0.0,0
M3C001640,CMP_M3,Social,0.1,3,314,60.65,Silver,0.74,3,0.0,0
M3C001641,CMP_M3,Social,0.1,1,193,101.65,Silver,0.28,2,0.0,0
M3C001642,CMP_M3,SMS,0.1,2,233,34.42,Gold,1.78,0,0.0,0
M3C001643,CMP_M3,SMS,0,14,150,125.82,Bronze,3.33,3,0.0,0
M3C001644,CMP_M3,push,20,14,373,81.99,Silver,3.18,1,0.0,0
M3C001645,CMP_M3,Push,0.2,0,134,44.31,Bronze,0.25,1,0.0,0
M3C001646,CMP_M3,Push,0.05,8,196,120.59,Gold,1.64,5,122.51,1
M3C001647,CMP_M3,Push,0.2,5,198,98.66,Silver,3.32,1,0.0,0
M3C001648,CMP_M3,Push,0.1,15,252,121.83,Bronze,4.45,2,0.0,0
M3C001649,CMP_M3,Social,0.15,12,42,63.29,Gold,0.79,3,0.0,0
M3C001650,CMP_M3,Email,15,12,156,35.93,Bronze,1.4,0,0.0,0
M3C001651,CMP_M3,Email,0,4,272,65.11,Silver,4.33,3,0.0,0
M3C001652,CMP_M3,Push,0.15,9,208,106.26,Silver,2.83,1,0.0,0
M3C001653,CMP_M3,Email,0.05,6,253,81.98,Bronze,3.32,3,0.0,0
M3C001654,CMP_M3,SMS,0.2,4,188,96.63,Bronze,3.63,3,0.0,0
M3C001655,CMP_M3,Email,0.15,9,133,93.77,Bronze,4.29,0,0.0,0
M3C001656,CMP_M3,Push,0,14,321,37.87,Silver,4.76,6,42.08,1
M3C001657,CMP_M3,push,0,6,109,118.14,Gold,3.87,1,0.0,0
M3C001658,CMP_M3,push,0,0,277,26.55,Gold,3.39,3,0.0,0
M3C001659,CMP_M3,Email,0.05,6,119,60.11,Silver,3.62,0,0.0,0
M3C001660,CMP_M3,Email,0.1,0,393,79.04,Gold,1.84,2,0.0,0
M3C001661,CMP_M3,Social,0.2,8,297,30.27,Bronze,2.4,2,0.0,0
M3C001662,CMP_M3,push,0,1,80,32.9,Gold,0.82,3,0.0,0
M3C001663,CMP_M3,push,0.2,12,177,63.01,Bronze,1.64,1,0.0,0
M3C001664,CMP_M3,push,0.15,10,338,68.12,Gold,1.47,2,0.0,0
M3C001665,CMP_M3,push,0.05,3,51,64.24,Bronze,2.23,1,0.0,0
M3C001666,CMP_M3,SMS,0.1,0,355,69.2,Silver,0.72,2,0.0,0
M3C001667,CMP_M3,push,0,13,197,144.91,Silver,4.41,8,34.65,1
M3C001668,CMP_M3,Social,10,14,281,80.16,Bronze,1.27,3,0.0,0
M3C001669,CMP_M3,push,0.2,11,220,53.07,Silver,4.49,0,0.0,0
M3C001670,CMP_M3,Social,0.15,10,266,64.16,Bronze,1.02,2,0.0,0
M3C001671,CMP_M3,Push,0,8,54,82.72,Gold,4.43,0,0.0,0
M3C001672,CMP_M3,push,0.2,15,177,24.91,Bronze,1.34,0,0.0,0
M3C001673,CMP_M3,Push,0,5,310,108.19,Gold,0.57,1,0.0,0
M3C001674,CMP_M3,Social,5,5,282,46.1,Bronze,4.45,3,0.0,0
M3C001675,CMP_M3,Social,0.2,4,239,128.5,Bronze,2.91,1,0.0,0
M3C001676,CMP_M3,push,0.2,10,349,79.18,Silver,3.93,2,0.0,0
M3C001677,CMP_M3,Push,0.1,13,31,133.16,Silver,1.87,3,0.0,0
M3C001678,CMP_M3,SMS,0.1,10,343,90.73,Gold,2.79,0,0.0,0
M3C001679,CMP_M3,push,0.15,2,407,58.8,Gold,4.43,1,0.0,0
M3C001680,CMP_M3,Push,10,9,230,115.19,Bronze,4.18,0,0.0,0
M3C001681,CMP_M3,Email,0,1,372,64.62,Silver,0.86,3,0.0,0
M3C001682,CMP_M3,SMS,0.2,5,382,31.33,Gold,2.47,3,30.5,1
M3C001683,CMP_M3,Push,0.2,11,237,118.46,Gold,4.29,3,31.33,1
M3C001684,CMP_M3,Push,0.05,8,157,42.53,Gold,4.69,1,0.0,0
M3C001685,CMP_M3,Push,0,14,98,56.77,Gold,0.82,1,0.0,0
M3C001686,CMP_M3,push,10,13,131,87.4,Gold,1.53,0,0.0,0
M3C001687,CMP_M3,Email,0.1,12,77,49.69,Gold,3.62,2,0.0,0
M3C001688,CMP_M3,Email,0.2,4,381,66.45,Silver,1.85,3,0.0,0
M3C001689,CMP_M3,SMS,0.05,9,109,91.07,Silver,4.19,0,0.0,0
M3C001690,CMP_M3,Social,0.2,4,35,109.91,Gold,1.75,0,0.0,0
M3C001691,CMP_M3,push,0.15,13,44,46.01,Gold,2.91,3,0.0,0
M3C001692,CMP_M3,push,20,13,223,127.97,Bronze,0.56,1,0.0,0
M3C001693,CMP_M3,Email,0.1,10,235,142.25,Silver,0.45,3,0.0,0
M3C001694,CMP_M3,Push,0.05,5,141,119.28,Bronze,1.52,3,0.0,0
M3C001695,CMP_M3,Email,0.15,1,326,67.05,Gold,1.17,1,0.0,0
M3C001696,CMP_M3,SMS,0,3,187,53.93,Silver,1.51,1,0.0,0
M3C001697,CMP_M3,Push,0.05,14,374,32.26,Silver,3.12,0,0.0,0
M3C001698,CMP_M3,Push,20,5,190,144.27,Silver,2.55,1,119.47,1
M3C001699,CMP_M3,push,0.2,0,112,136.67,Silver,2.4,1,0.0,0
M3C001700,CMP_M3,Social,0.15,15,160,20.21,Silver,3.29,0,0.0,0
M3C001701,CMP_M3,push,0,1,290,37.7,Bronze,3.03,1,0.0,0
M3C001702,CMP_M3,Push,0.1,2,276,106.28,Silver,0.56,1,0.0,0
M3C001703,CMP_M3,push,0,11,341,132.1,Silver,3.02,3,0.0,0
M3C001704,CMP_M3,push,0,0,192,72.98,Silver,3.75,1,0.0,0
M3C001705,CMP_M3,SMS,0.05,6,366,50.14,Silver,1.57,3,0.0,0
M3C001706,CMP_M3,SMS,0.15,6,413,76.65,Gold,4.89,2,0.0,0
M3C001707,CMP_M3,SMS,0,2,396,43.98,Bronze,3.96,2,0.0,0
M3C001708,CMP_M3,push,0.05,12,406,95.21,Gold,4.3,2,0.0,0
M3C001709,CMP_M3,Social,0.2,0,288,25.81,Gold,2.55,3,0.0,0
M3C001710,CMP_M3,Email,20,2,134,33.32,Silver,2.16,0,0.0,0
M3C001711,CMP_M3,push,0.15,10,30,35.03,Gold,2.72,3,0.0,0
M3C001712,CMP_M3,Social,0.05,2,367,133.5,Bronze,0.63,3,0.0,0
M3C001713,CMP_M3,SMS,0.15,13,277,126.35,Silver,3.41,2,0.0,0
M3C001714,CMP_M3,Push,0.2,11,346,39.37,Silver,3.02,0,0.0,0
M3C001715,CMP_M3,push,0.2,13,202,136.98,Gold,3.69,5,36.45,1
M3C001716,CMP_M3,Email,0,7,178,95.79,Gold,2.91,0,0.0,0
M3C001717,CMP_M3,push,0,15,404,138.99,Gold,4.47,0,0.0,0
M3C001718,CMP_M3,SMS,0,0,100,56.41,Gold,0.76,1,0.0,0
M3C001719,CMP_M3,SMS,0,9,157,96.14,Gold,3.5,3,37.77,1
M3C001720,CMP_M3,SMS,0.1,9,322,71.69,Bronze,4.37,0,0.0,0
M3C001721,CMP_M3,push,0.2,8,309,27.41,Gold,2.19,3,127.79,1
M3C001722,CMP_M3,Social,20,3,412,21.61,Gold,4.67,2,0.0,0
M3C001723,CMP_M3,Social,0.1,14,122,123.28,Bronze,2.57,0,0.0,0
M3C001724,CMP_M3,Push,0.2,5,45,90.98,Silver,3.49,3,0.0,0
M3C001725,CMP_M3,Social,0.05,9,23,60.81,Bronze,3.92,0,0.0,0
M3C001726,CMP_M3,Push,0,13,111,24.13,Silver,1.46,0,0.0,0
M3C001727,CMP_M3,Email,0,15,229,47.34,Bronze,3.81,1,0.0,0
M3C001728,CMP_M3,Push,5,16,29,103.5,Silver,3.38,1,0.0,0
M3C001729,CMP_M3,Social,0.1,10,404,21.6,Gold,1.68,1,0.0,0
M3C001730,CMP_M3,Push,0.2,4,139,103.55,Silver,3.48,1,0.0,0
M3C001731,CMP_M3,Social,0.15,16,343,36.02,Gold,2.14,1,0.0,0
M3C001732,CMP_M3,SMS,0.2,3,153,18.91,Silver,2.73,0,0.0,0
M3C001733,CMP_M3,SMS,0.2,14,390,31.24,Bronze,4.54,8,71.66,1
M3C001734,CMP_M3,Email,20,0,118,20.3,Gold,1.59,3,0.0,0
M3C001735,CMP_M3,Social,0.15,11,360,109.3,Bronze,2.79,6,152.0,1
M3C001736,CMP_M3,Social,0.15,2,31,128.1,Silver,4.71,1,0.0,0
M3C001737,CMP_M3,push,0.1,3,280,122.19,Bronze,1.67,0,0.0,0
M3C001738,CMP_M3,SMS,0,8,366,134.63,Silver,0.22,2,0.0,0
M3C001739,CMP_M3,SMS,0.1,13,289,91.03,Bronze,2.7,3,0.0,0
M3C001740,CMP_M3,SMS,15,15,280,77.11,Bronze,1.49,1,0.0,0
M3C001741,CMP_M3,SMS,0.1,6,225,67.81,Silver,4.87,0,0.0,0
M3C001742,CMP_M3,Email,0.05,8,55,144.73,Gold,4.22,3,0.0,0
M3C001743,CMP_M3,push,0.1,3,359,90.83,Bronze,2.62,0,0.0,0
M3C001744,CMP_M3,Push,0.15,8,30,132.05,Silver,3.59,8,61.31,1
M3C001745,CMP_M3,Social,0.05,6,42,21.42,Bronze,1.66,2,0.0,0
M3C001746,CMP_M3,Email,15,7,197,41.82,Silver,0.75,1,0.0,0
M3C001747,CMP_M3,Email,0.2,12,232,125.12,Gold,3.22,1,0.0,0
M3C001748,CMP_M3,SMS,0.05,3,154,98.59,Silver,2.63,3,0.0,0
M3C001749,CMP_M3,Social,0.05,14,339,114.62,Bronze,3.71,0,0.0,0
M3C001750,CMP_M3,Push,0.2,16,67,120.38,Bronze,4.5,0,0.0,0
M3C001751,CMP_M3,Push,0.15,15,198,27.5,Gold,2.5,8,167.15,1
M3C001752,CMP_M3,SMS,5,12,322,18.76,Bronze,3.32,1,0.0,0
M3C001753,CMP_M3,Push,0.05,16,223,40.36,Silver,3.13,0,0.0,0
M3C001754,CMP_M3,Push,0,12,74,114.05,Silver,3.86,2,0.0,0
M3C001755,CMP_M3,SMS,0.1,1,348,122.13,Bronze,2.32,2,0.0,0
M3C001756,CMP_M3,Social,0.05,15,36,42.71,Silver,3.18,3,0.0,0
M3C001757,CMP_M3,Push,0.1,0,29,97.2,Silver,1.74,2,0.0,0
M3C001758,CMP_M3,SMS,0,0,103,41.69,Silver,1.55,0,0.0,0
M3C001759,CMP_M3,Email,0,13,42,59.15,Gold,0.39,0,0.0,0
M3C001760,CMP_M3,push,0.2,10,222,110.79,Bronze,1.48,0,0.0,0
M3C001761,CMP_M3,Email,0.05,15,311,36.44,Gold,1.8,0,0.0,0
M3C001762,CMP_M3,Email,0,8,190,58.47,Silver,0.95,3,0.0,0
M3C001763,CMP_M3,SMS,0.2,10,260,55.93,Bronze,3.09,2,0.0,0
M3C001764,CMP_M3,push,20,16,129,72.44,Silver,3.83,6,129.15,1
M3C001765,CMP_M3,Push,0.15,0,207,83.72,Bronze,4.85,6,129.93,1
M3C001766,CMP_M3,Email,0.2,8,115,38.34,Gold,0.54,3,0.0,0
M3C001767,CMP_M3,push,0.2,14,76,139.75,Bronze,2.18,0,0.0,0
M3C001768,CMP_M3,Email,0,3,73,121.52,Gold,2.5,0,0.0,0
M3C001769,CMP_M3,Social,0.1,2,174,83.69,Gold,1.79,2,0.0,0
M3C001770,CMP_M3,Social,15,14,387,106.54,Silver,0.77,3,136.26,1
M3C001771,CMP_M3,Email,0.15,2,209,144.95,Gold,0.74,0,0.0,0
M3C001772,CMP_M3,push,0.15,8,389,39.43,Gold,0.4,1,0.0,0
M3C001773,CMP_M3,SMS,0.1,3,331,65.56,Silver,3.94,1,0.0,0
M3C001774,CMP_M3,Social,0.1,1,179,126.34,Gold,0.53,3,0.0,0
M3C001775,CMP_M3,Email,0.1,9,184,138.66,Silver,0.99,0,0.0,0
M3C001776,CMP_M3,Push,10,7,115,143.36,Gold,3.7,2,0.0,0
M3C001777,CMP_M3,push,0.2,4,91,95.24,Bronze,4.72,2,0.0,0
M3C001778,CMP_M3,Social,0.15,7,45,94.52,Silver,3.45,3,0.0,0
M3C001779,CMP_M3,Push,0.1,8,132,82.56,Silver,0.82,3,0.0,0
M3C001780,CMP_M3,Email,0,3,109,86.76,Bronze,1.83,0,0.0,0
M3C001781,CMP_M3,Social,0,9,340,134.56,Silver,2.35,3,0.0,0
M3C001782,CMP_M3,SMS,0,12,396,104.68,Gold,4.64,2,0.0,0
M3C001783,CMP_M3,Email,0.2,7,210,130.84,Silver,0.9,6,115.09,1
M3C001784,CMP_M3,Email,0.05,9,267,24.9,Bronze,4.14,7,117.36,1
M3C001785,CMP_M3,push,0.05,12,64,85.79,Silver,0.73,1,0.0,0
M3C001786,CMP_M3,SMS,0,0,327,48.7,Bronze,0.46,1,0.0,0
M3C001787,CMP_M3,Email,0.15,9,412,99.36,Gold,1.97,3,0.0,0
M3C001788,CMP_M3,Social,0,16,265,82.07,Bronze,2.38,1,0.0,0
M3C001789,CMP_M3,Social,0,12,54,139.48,Bronze,0.85,0,0.0,0
M3C001790,CMP_M3,push,0.1,14,146,43.26,Bronze,2.54,0,0.0,0
M3C001791,CMP_M3,Push,0,6,248,121.48,Silver,0.23,1,0.0,0
M3C001792,CMP_M3,Email,0.1,11,154,133.39,Bronze,3.32,1,0.0,0
M3C001793,CMP_M3,push,0.15,11,391,51.8,Silver,4.46,1,0.0,0
M3C001794,CMP_M3,Social,15,15,323,57.67,Gold,3.81,3,0.0,0
M3C001795,CMP_M3,Push,0.1,8,205,133.74,Silver,1.92,3,0.0,0
M3C001796,CMP_M3,SMS,0.1,2,336,51.32,Bronze,1.57,3,0.0,0
M3C001797,CMP_M3,Social,0.2,4,379,85.07,Bronze,4.34,1,0.0,0
M3C001798,CMP_M3,Push,0,13,335,27.63,Silver,2.19,0,0.0,0
M3C001799,CMP_M3,push,0.2,1,214,89.44,Gold,4.3,3,48.56,1
M3C001800,CMP_M3,Email,10,8,126,103.41,Silver,4.85,0,0.0,0
M3C001801,CMP_M3,SMS,0.2,13,252,123.24,Bronze,3.04,0,0.0,0
M3C001802,CMP_M3,Push,0.15,5,283,44.04,Gold,2.22,1,0.0,0
M3C001803,CMP_M3,Push,0.1,4,62,102.29,Gold,2.13,0,0.0,0
M3C001804,CMP_M3,SMS,0.15,4,142,137.66,Gold,2.92,2,0.0,0
M3C001805,CMP_M3,Email,0.1,8,226,72.45,Silver,4.34,2,0.0,0
M3C001806,CMP_M3,Push,5,9,401,49.83,Bronze,4.45,3,0.0,0
M3C001807,CMP_M3,Push,0.15,2,7,27.41,Bronze,0.77,3,109.42,1
M3C001808,CMP_M3,Social,0.05,12,401,129.61,Silver,3.67,0,0.0,0
M3C001809,CMP_M3,SMS,0.1,7,161,113.11,Silver,1.77,3,0.0,0
M3C001810,CMP_M3,Email,0.05,8,296,48.87,Silver,3.3,2,0.0,0
M3C001811,CMP_M3,Push,0,1,5,141.55,Silver,1.77,1,0.0,0
M3C001812,CMP_M3,Push,20,1,188,131.58,Bronze,2.3,0,0.0,0
M3C001813,CMP_M3,push,0,5,186,39.42,Bronze,3.77,0,0.0,0
M3C001814,CMP_M3,SMS,0.2,11,224,116.45,Gold,2.64,0,0.0,0
M3C001815,CMP_M3,Email,0.15,3,241,45.97,Bronze,0.87,0,0.0,0
M3C001816,CMP_M3,Email,0,3,201,118.2,Silver,0.35,3,0.0,0
M3C001817,CMP_M3,SMS,0.1,15,339,94.78,Bronze,3.17,1,0.0,0
M3C001818,CMP_M3,push,20,3,84,27.87,Silver,4.6,1,0.0,0
M3C001819,CMP_M3,SMS,0,13,80,102.92,Gold,4.62,1,0.0,0
M3C001820,CMP_M3,push,0.15,5,232,123.18,Silver,1.07,2,0.0,0
M3C001821,CMP_M3,Push,0.1,4,270,60.28,Bronze,1.06,2,0.0,0
M3C001822,CMP_M3,push,0.15,15,266,108.88,Bronze,2.87,3,0.0,0
M3C001823,CMP_M3,Social,0.1,8,23,76.9,Bronze,2.78,3,0.0,0
M3C001824,CMP_M3,Social,5,5,54,68.02,Bronze,2.74,3,0.0,0
M3C001825,CMP_M3,SMS,0.05,1,348,55.24,Bronze,4.0,1,0.0,0
M3C001826,CMP_M3,SMS,0.1,8,338,124.96,Gold,3.31,0,0.0,0
M3C001827,CMP_M3,SMS,0.15,13,394,54.15,Silver,3.92,0,0.0,0
M3C001828,CMP_M3,Email,0.2,2,154,121.96,Silver,2.27,1,0.0,0
M3C001829,CMP_M3,SMS,0,16,117,121.43,Silver,1.39,3,0.0,0
M3C001830,CMP_M3,SMS,15,2,103,104.36,Gold,4.86,1,0.0,0
M3C001831,CMP_M3,SMS,0.1,7,221,47.42,Silver,3.16,0,0.0,0
M3C001832,CMP_M3,Email,0.1,13,126,66.63,Bronze,0.24,3,0.0,0
M3C001833,CMP_M3,Email,0.15,1,368,44.87,Gold,4.05,2,95.67,1
M3C001834,CMP_M3,Email,0.05,10,160,137.62,Gold,4.62,7,128.07,1
M3C001835,CMP_M3,SMS,0,10,35,77.12,Silver,3.15,3,0.0,0
M3C001836,CMP_M3,Social,10,16,330,52.28,Silver,4.42,3,0.0,0
M3C001837,CMP_M3,Social,0.2,0,310,75.77,Bronze,4.26,3,0.0,0
M3C001838,CMP_M3,push,0.05,16,169,72.73,Gold,4.45,2,0.0,0
M3C001839,CMP_M3,Push,0.15,9,138,88.19,Gold,0.45,4,155.83,1
M3C001840,CMP_M3,SMS,0,4,315,134.29,Silver,2.8,2,0.0,0
M3C001841,CMP_M3,SMS,0.1,1,412,32.28,Silver,1.95,3,0.0,0
M3C001842,CMP_M3,push,5,3,167,121.6,Silver,1.0,3,0.0,0
M3C001843,CMP_M3,Social,0.05,4,414,76.66,Silver,4.68,2,161.72,1
M3C001844,CMP_M3,Push,0.15,6,266,64.67,Bronze,4.51,1,0.0,0
M3C001845,CMP_M3,Email,0.15,11,211,67.17,Silver,3.12,0,0.0,0
M3C001846,CMP_M3,Push,0,12,241,38.29,Silver,3.22,0,0.0,0
M3C001847,CMP_M3,Email,0.2,16,76,105.97,Silver,1.64,3,0.0,0
M3C001848,CMP_M3,Email,10,10,312,112.72,Silver,3.01,2,0.0,0
M3C001849,CMP_M3,SMS,0.1,16,388,27.83,Gold,4.69,1,0.0,0
M3C001850,CMP_M3,SMS,0,8,85,72.79,Bronze,4.17,3,0.0,0
M3C001851,CMP_M3,push,0,2,260,35.82,Silver,3.82,0,0.0,0
M3C001852,CMP_M3,push,0.15,14,273,110.43,Bronze,3.7,1,0.0,0
M3C001853,CMP_M3,push,0.1,16,78,46.8,Silver,0.41,2,0.0,0
M3C001854,CMP_M3,push,0,2,369,71.38,Gold,3.48,1,0.0,0
M3C001855,CMP_M3,push,0.1,9,14,91.46,Gold,3.25,3,0.0,0
M3C001856,CMP_M3,Social,0.15,15,15,94.42,Bronze,2.9,4,80.81,1
M3C001857,CMP_M3,Email,0.05,1,27,104.42,Silver,1.07,4,37.4,1
M3C001858,CMP_M3,SMS,0.2,5,326,102.28,Gold,1.72,2,0.0,0
M3C001859,CMP_M3,SMS,0.05,7,127,45.11,Bronze,4.64,0,0.0,0
M3C001860,CMP_M3,Push,0,9,185,54.2,Gold,2.28,0,0.0,0
M3C001861,CMP_M3,Social,0.15,8,379,97.37,Gold,0.76,0,0.0,0
M3C001862,CMP_M3,Push,0.15,5,25,101.35,Gold,3.09,2,0.0,0
M3C001863,CMP_M3,Social,0.1,10,177,25.55,Silver,1.04,2,0.0,0
M3C001864,CMP_M3,SMS,0.05,11,393,98.97,Silver,2.08,0,0.0,0
M3C001865,CMP_M3,Push,0.2,1,90,127.26,Gold,1.79,1,0.0,0
M3C001866,CMP_M3,Social,10,11,151,66.27,Gold,3.07,1,0.0,0
M3C001867,CMP_M3,push,0.05,12,362,123.99,Silver,3.64,1,0.0,0
M3C001868,CMP_M3,SMS,0.1,3,319,29.28,Bronze,0.67,0,0.0,0
M3C001869,CMP_M3,push,0.15,4,44,128.12,Gold,2.04,5,67.85,1
M3C001870,CMP_M3,SMS,0.1,7,35,41.2,Bronze,4.19,0,0.0,0
M3C001871,CMP_M3,Social,0.05,2,166,40.69,Bronze,4.62,3,0.0,0
M3C001872,CMP_M3,Push,5,13,115,136.2,Gold,3.38,2,0.0,0
M3C001873,CMP_M3,Push,0.05,0,94,30.5,Silver,0.76,2,0.0,0
M3C001874,CMP_M3,Social,0,0,376,45.98,Silver,3.38,0,0.0,0
M3C001875,CMP_M3,push,0,7,327,124.45,Gold,0.86,6,163.27,1
M3C001876,CMP_M3,Social,0.2,1,62,113.13,Silver,1.29,3,0.0,0
M3C001877,CMP_M3,push,0,13,307,43.4,Silver,0.35,2,0.0,0
M3C001878,CMP_M3,Email,0,13,173,128.27,Silver,0.68,1,0.0,0
M3C001879,CMP_M3,push,0.15,2,103,101.69,Gold,1.92,3,0.0,0
M3C001880,CMP_M3,SMS,0.05,16,161,144.82,Bronze,3.75,0,0.0,0
M3C001881,CMP_M3,Social,0,6,321,143.76,Bronze,1.61,3,0.0,0
M3C001882,CMP_M3,push,0.15,10,378,119.56,Silver,4.86,3,90.69,1
M3C001883,CMP_M3,SMS,0.15,5,328,23.4,Bronze,4.15,4,31.92,1
M3C001884,CMP_M3,push,0,15,157,102.22,Bronze,2.21,3,0.0,0
M3C001885,CMP_M3,push,0.2,10,31,49.43,Bronze,1.21,0,0.0,0
M3C001886,CMP_M3,SMS,0,12,394,73.78,Gold,2.5,3,0.0,0
M3C001887,CMP_M3,Social,0.15,16,114,102.2,Silver,4.31,0,0.0,0
M3C001888,CMP_M3,push,0.1,9,355,116.98,Bronze,3.47,0,0.0,0
M3C001889,CMP_M3,SMS,0.2,14,128,51.29,Silver,4.83,1,0.0,0
M3C001890,CMP_M3,Social,20,12,53,62.91,Gold,2.35,3,0.0,0
M3C001891,CMP_M3,Push,0.2,4,244,60.72,Silver,4.8,1,0.0,0
M3C001892,CMP_M3,Push,0.05,11,409,128.9,Bronze,1.44,2,0.0,0
M3C001893,CMP_M3,Email,0.05,3,394,118.75,Silver,3.64,3,0.0,0
M3C001894,CMP_M3,Social,0.05,3,194,20.95,Bronze,3.55,0,0.0,0
M3C001895,CMP_M3,Social,0.2,2,200,110.28,Silver,0.39,0,0.0,0
M3C001896,CMP_M3,SMS,0,3,296,23.5,Gold,3.18,2,0.0,0
M3C001897,CMP_M3,Email,0.1,11,45,122.46,Silver,4.69,4,169.09,1
M3C001898,CMP_M3,Social,0.05,5,89,44.48,Silver,2.36,0,0.0,0
M3C001899,CMP_M3,Email,0,15,36,55.22,Silver,4.03,0,0.0,0
M3C001900,CMP_M3,SMS,0.2,2,100,47.71,Gold,4.03,0,0.0,0
M3C001901,CMP_M3,SMS,0,15,152,37.29,Gold,1.32,2,164.91,1
M3C001902,CMP_M3,Push,5,8,22,84.8,Silver,2.97,1,0.0,0
M3C001903,CMP_M3,push,0.05,0,43,110.44,Bronze,1.8,5,99.09,1
M3C001904,CMP_M3,Push,0,1,156,59.68,Bronze,2.98,3,0.0,0
M3C001905,CMP_M3,Email,0,12,115,128.13,Bronze,3.06,0,0.0,0
M3C001906,CMP_M3,push,0.15,7,193,96.54,Silver,4.58,0,0.0,0
M3C001907,CMP_M3,Email,0.1,16,233,61.37,Gold,3.36,2,0.0,0
M3C001908,CMP_M3,Social,15,9,58,102.82,Silver,3.55,3,0.0,0
M3C001909,CMP_M3,push,0.1,10,389,73.55,Bronze,3.35,2,0.0,0
M3C001910,CMP_M3,SMS,0.2,9,175,99.57,Silver,3.76,3,0.0,0
M3C001911,CMP_M3,Social,0.15,11,327,144.78,Gold,1.5,3,0.0,0
M3C001912,CMP_M3,SMS,0,8,109,108.21,Bronze,2.62,2,0.0,0
M3C001913,CMP_M3,Social,0.2,5,52,129.96,Gold,0.46,3,127.09,1
M3C001914,CMP_M3,SMS,5,10,91,41.0,Silver,0.94,2,0.0,0
M3C001915,CMP_M3,Push,0.1,0,112,54.17,Bronze,4.46,0,0.0,0
M3C001916,CMP_M3,SMS,0.2,5,246,119.89,Bronze,0.84,0,0.0,0
M3C001917,CMP_M3,Push,0.2,7,335,58.81,Bronze,1.5,1,50.75,1
M3C001918,CMP_M3,Push,0.2,1,52,86.35,Silver,0.49,1,173.43,1
M3C001919,CMP_M3,Email,0,11,366,59.34,Bronze,4.45,3,0.0,0
M3C001920,CMP_M3,Email,20,12,61,70.47,Silver,2.97,5,138.0,1
M3C001921,CMP_M3,Push,0.15,3,281,110.54,Gold,1.78,1,0.0,0
M3C001922,CMP_M3,push,0.1,7,56,134.95,Gold,4.52,0,0.0,0
M3C001923,CMP_M3,push,0.05,16,288,50.13,Silver,3.73,2,0.0,0
M3C001924,CMP_M3,push,0.15,8,52,32.69,Bronze,0.66,7,32.7,1
M3C001925,CMP_M3,Social,0.2,8,52,92.38,Gold,3.54,1,0.0,0
M3C001926,CMP_M3,SMS,15,16,92,28.97,Silver,3.23,1,0.0,0
M3C001927,CMP_M3,Email,0.05,4,107,55.45,Bronze,1.76,3,0.0,0
M3C001928,CMP_M3,Social,0,11,243,105.44,Bronze,2.63,2,0.0,0
M3C001929,CMP_M3,Social,0.1,16,199,126.53,Bronze,2.04,2,0.0,0
M3C001930,CMP_M3,SMS,0,10,150,54.93,Silver,1.11,1,0.0,0
M3C001931,CMP_M3,Push,0.2,10,106,49.66,Gold,1.04,1,0.0,0
M3C001932,CMP_M3,Push,15,1,141,112.22,Gold,3.42,1,0.0,0
M3C001933,CMP_M3,Push,0.15,9,226,109.21,Silver,0.26,3,0.0,0
M3C001934,CMP_M3,SMS,0,11,143,68.33,Bronze,0.33,2,0.0,0
M3C001935,CMP_M3,Social,0.1,14,215,64.95,Bronze,1.2,0,0.0,0
M3C001936,CMP_M3,SMS,0.15,7,313,66.77,Gold,3.17,7,130.39,1
M3C001937,CMP_M3,Push,0.05,10,8,112.53,Gold,4.84,0,0.0,0
M3C001938,CMP_M3,Social,20,6,158,32.35,Silver,4.42,0,0.0,0
M3C001939,CMP_M3,SMS,0.2,8,226,55.85,Gold,2.29,0,0.0,0
M3C001940,CMP_M3,Social,0.15,6,246,65.78,Bronze,0.86,2,0.0,0
M3C001941,CMP_M3,Social,0.2,3,329,70.71,Gold,2.31,2,0.0,0
M3C001942,CMP_M3,push,0,9,45,24.82,Bronze,4.76,2,0.0,0
M3C001943,CMP_M3,push,0.2,1,411,56.99,Bronze,2.52,1,0.0,0
M3C001944,CMP_M3,Push,20,3,298,123.85,Gold,2.69,0,0.0,0
M3C001945,CMP_M3,Social,0.1,8,131,90.01,Bronze,1.86,0,0.0,0
M3C001946,CMP_M3,SMS,0,8,254,104.99,Gold,1.07,1,0.0,0
M3C001947,CMP_M3,Social,0,6,154,64.34,Bronze,1.13,1,0.0,0
M3C001948,CMP_M3,Email,0.2,10,52,104.79,Bronze,4.28,0,0.0,0
M3C001949,CMP_M3,SMS,0.2,8,27,140.31,Bronze,3.22,1,0.0,0
M3C001950,CMP_M3,Push,5,14,391,56.3,Silver,3.51,2,0.0,0
M3C001951,CMP_M3,Social,0.05,14,5,86.13,Bronze,4.35,3,0.0,0
M3C001952,CMP_M3,Push,0.1,0,186,72.1,Gold,4.33,0,0.0,0
M3C001953,CMP_M3,Email,0.15,2,398,72.94,Bronze,4.04,3,0.0,0
M3C001954,CMP_M3,Email,0.05,4,300,99.16,Gold,2.95,0,0.0,0
M3C001955,CMP_M3,SMS,0.05,5,291,100.18,Silver,4.73,3,0.0,0
M3C001956,CMP_M3,Push,0,0,395,46.78,Silver,4.59,0,0.0,0
M3C001957,CMP_M3,push,0,4,301,53.8,Gold,4.0,0,0.0,0
M3C001958,CMP_M3,Social,0,16,162,37.31,Bronze,1.38,0,0.0,0
M3C001959,CMP_M3,Push,0.15,0,188,118.11,Silver,3.73,2,0.0,0
M3C001960,CMP_M3,push,0.05,6,60,63.3,Gold,3.63,3,0.0,0
M3C001961,CMP_M3,Push,0.15,8,69,141.23,Bronze,0.92,2,0.0,0
M3C001962,CMP_M3,Social,15,9,275,80.04,Gold,1.85,7,36.43,1
M3C001963,CMP_M3,Email,0.15,0,1,81.39,Bronze,0.26,1,0.0,0
M3C001964,CMP_M3,SMS,0.05,4,243,111.24,Bronze,4.05,8,159.59,1
M3C001965,CMP_M3,Push,0.2,7,272,114.43,Gold,4.57,1,0.0,0
M3C001966,CMP_M3,Push,0,0,341,135.02,Bronze,0.68,1,0.0,0
M3C001967,CMP_M3,Email,0.1,1,293,78.55,Silver,0.88,1,0.0,0
M3C001968,CMP_M3,Email,0,7,44,27.44,Silver,4.14,0,0.0,0
M3C001969,CMP_M3,push,0.15,14,372,93.25,Silver,3.52,3,86.33,1
M3C001970,CMP_M3,push,0.2,4,225,138.61,Gold,0.22,1,0.0,0
M3C001971,CMP_M3,push,0.1,3,342,79.74,Silver,3.23,2,0.0,0
M3C001972,CMP_M3,Email,0.05,16,395,88.3,Gold,2.13,2,0.0,0
M3C001973,CMP_M3,Push,0.15,8,246,132.94,Gold,3.93,4,172.89,1
M3C001974,CMP_M3,SMS,20,12,301,114.99,Gold,1.51,2,0.0,0
M3C001975,CMP_M3,SMS,0.15,4,42,135.79,Gold,4.39,1,0.0,0
M3C001976,CMP_M3,Push,0.2,0,119,54.39,Bronze,1.27,1,0.0,0
M3C001977,CMP_M3,Email,0.1,16,294,33.4,Gold,0.66,1,0.0,0
M3C001978,CMP_M3,Push,0.2,9,71,51.38,Gold,3.75,1,0.0,0
M3C001979,CMP_M3,push,0.15,16,164,77.87,Silver,4.6,0,0.0,0
M3C001980,CMP_M3,push,20,11,347,64.63,Gold,4.82,3,0.0,0
M3C001981,CMP_M3,Email,0.15,15,416,144.91,Silver,4.08,2,0.0,0
M3C001982,CMP_M3,Push,0.15,6,49,80.01,Gold,0.34,1,0.0,0
M3C001983,CMP_M3,SMS,0.15,2,56,138.56,Gold,3.79,3,0.0,0
M3C001984,CMP_M3,push,0,8,188,96.36,Silver,1.84,2,60.79,1
M3C001985,CMP_M3,SMS,0.15,14,202,24.49,Gold,1.39,0,0.0,0
M3C001986,CMP_M3,Push,0,11,235,90.11,Gold,3.6,2,0.0,0
M3C001987,CMP_M3,SMS,0.2,10,97,85.48,Silver,0.43,3,0.0,0
M3C001988,CMP_M3,SMS,0,16,68,87.12,Bronze,3.0,1,0.0,0
M3C001989,CMP_M3,Email,0,2,261,125.82,Silver,0.28,0,0.0,0
M3C001990,CMP_M3,Push,0.1,9,136,26.89,Bronze,1.15,0,0.0,0
M3C001991,CMP_M3,push,0.2,7,320,113.1,Silver,2.91,3,0.0,0
M3C001992,CMP_M3,push,5,5,157,22.93,Bronze,3.77,3,0.0,0
M3C001993,CMP_M3,SMS,0.15,1,281,27.65,Silver,3.9,1,0.0,0
M3C001994,CMP_M3,SMS,0.05,6,116,68.55,Bronze,2.95,1,0.0,0
M3C001995,CMP_M3,push,0,3,394,101.85,Bronze,3.52,2,0.0,0
M3C001996,CMP_M3,push,0.15,2,233,31.19,Gold,1.67,6,155.28,1
M3C001997,CMP_M3,SMS,0,6,255,87.82,Bronze,1.89,3,0.0,0
M3C001998,CMP_M3,Push,10,11,181,87.71,Silver,0.53,1,0.0,0
M3C001999,CMP_M3,Push,0.1,7,55,127.55,Gold,4.28,1,0.0,0
M3C002000,CMP_M3,SMS,0.1,9,289,76.77,Silver,3.36,7,79.51,1
M3C002001,CMP_M3,push,0.2,3,228,108.66,Silver,3.62,2,0.0,0
M3C002002,CMP_M3,Push,0.1,10,388,84.97,Gold,2.53,1,0.0,0
M3C002003,CMP_M3,Social,0.1,1,308,132.67,Bronze,0.28,1,0.0,0
M3C002004,CMP_M3,SMS,10,14,293,116.0,Gold,0.34,1,0.0,0
M3C002005,CMP_M3,Push,0,7,304,44.9,Bronze,2.79,0,0.0,0
M3C002006,CMP_M3,Email,0.15,1,200,26.83,Gold,3.65,1,0.0,0
M3C002007,CMP_M3,push,0.2,6,128,70.24,Silver,3.54,4,47.78,1
M3C002008,CMP_M3,Social,0.05,1,94,123.05,Bronze,1.35,3,0.0,0
M3C002009,CMP_M3,push,0.15,2,337,26.55,Silver,1.45,2,0.0,0
M3C002010,CMP_M3,push,0,16,22,49.44,Silver,0.68,2,0.0,0
M3C002011,CMP_M3,Email,0,15,245,86.3,Gold,3.79,3,0.0,0
M3C002012,CMP_M3,Social,0.2,3,295,123.68,Silver,3.67,3,0.0,0
M3C002013,CMP_M3,Social,0.2,13,168,21.32,Bronze,1.35,3,0.0,0
M3C002014,CMP_M3,Social,0.2,14,38,92.47,Silver,2.09,0,0.0,0
M3C002015,CMP_M3,Social,0.2,0,298,35.21,Gold,2.31,0,0.0,0
M3C002016,CMP_M3,Social,15,14,219,78.89,Gold,0.48,2,0.0,0
M3C002017,CMP_M3,push,0.15,14,305,31.38,Bronze,2.34,2,0.0,0
M3C002018,CMP_M3,Social,0.2,2,336,80.38,Bronze,1.73,0,0.0,0
M3C002019,CMP_M3,Push,0.15,2,303,38.96,Silver,0.44,2,0.0,0
M3C002020,CMP_M3,SMS,0.15,7,197,93.22,Gold,4.03,1,0.0,0
M3C002021,CMP_M3,Social,0,7,86,137.89,Gold,4.29,1,0.0,0
M3C002022,CMP_M3,Push,5,1,77,34.51,Silver,0.42,0,0.0,0
M3C002023,CMP_M3,push,0.15,11,277,52.82,Bronze,0.75,2,0.0,0
M3C002024,CMP_M3,push,0.1,6,297,24.79,Bronze,3.35,1,0.0,0
M3C002025,CMP_M3,Email,0,0,295,141.75,Bronze,3.71,3,0.0,0
M3C002026,CMP_M3,push,0.15,11,157,23.12,Gold,3.76,3,0.0,0
M3C002027,CMP_M3,Push,0.05,3,165,60.27,Gold,3.17,1,0.0,0
M3C002028,CMP_M3,Social,0,9,347,47.93,Silver,3.44,3,165.34,1
M3C002029,CMP_M3,Social,0.15,11,300,110.6,Silver,0.8,0,0.0,0
M3C002030,CMP_M3,Social,0,6,259,102.38,Gold,4.59,3,0.0,0
M3C002031,CMP_M3,Email,0.15,0,231,123.84,Gold,2.26,4,34.45,1
M3C002032,CMP_M3,SMS,0.1,5,234,93.56,Silver,1.97,1,0.0,0
M3C002033,CMP_M3,SMS,0.15,4,331,95.07,Silver,1.39,0,0.0,0
M3C002034,CMP_M3,Email,5,7,259,19.01,Silver,3.76,1,0.0,0
M3C002035,CMP_M3,Push,0.2,13,312,99.23,Gold,2.04,0,0.0,0
M3C002036,CMP_M3,push,0,13,46,124.4,Gold,0.7,0,0.0,0
M3C002037,CMP_M3,Email,0.05,10,181,44.23,Silver,4.01,0,0.0,0
M3C002038,CMP_M3,Email,0.2,3,287,49.09,Silver,2.38,3,0.0,0
M3C002039,CMP_M3,push,0.2,8,354,93.26,Bronze,4.9,1,0.0,0
M3C002040,CMP_M3,Email,15,6,183,78.66,Gold,0.41,6,88.08,1
M3C002041,CMP_M3,SMS,0.15,8,338,99.51,Silver,2.64,2,0.0,0
M3C002042,CMP_M3,Social,0.05,13,357,50.47,Silver,1.2,2,0.0,0
M3C002043,CMP_M3,push,0.2,0,405,22.63,Gold,4.08,1,0.0,0
M3C002044,CMP_M3,push,0.05,9,70,36.58,Gold,1.13,2,0.0,0
M3C002045,CMP_M3,Social,0.1,0,91,118.48,Gold,4.57,2,0.0,0
M3C002046,CMP_M3,SMS,15,15,325,138.1,Gold,4.46,1,0.0,0
M3C002047,CMP_M3,Social,0.1,11,178,95.38,Bronze,4.06,0,0.0,0
M3C002048,CMP_M3,Push,0.15,9,43,144.93,Gold,4.33,2,69.38,1
M3C002049,CMP_M3,Push,0,6,240,116.51,Silver,3.97,2,0.0,0
M3C002050,CMP_M3,SMS,0.2,9,212,68.73,Silver,3.29,0,0.0,0
M3C002051,CMP_M3,SMS,0.05,15,54,80.24,Gold,1.72,3,0.0,0
M3C002052,CMP_M3,SMS,0,13,79,80.44,Silver,1.14,0,0.0,0
M3C002053,CMP_M3,SMS,0.15,14,148,113.84,Gold,2.47,0,0.0,0
M3C002054,CMP_M3,push,0,5,109,143.81,Silver,0.91,3,0.0,0
M3C002055,CMP_M3,Email,0.2,14,152,102.18,Silver,0.36,3,0.0,0
M3C002056,CMP_M3,Push,0,10,279,80.11,Bronze,1.93,1,0.0,0
M3C002057,CMP_M3,Social,0.1,16,112,142.56,Gold,1.56,0,0.0,0
M3C002058,CMP_M3,push,15,14,134,60.87,Gold,3.24,2,0.0,0
M3C002059,CMP_M3,SMS,0.15,13,76,33.5,Silver,1.77,3,0.0,0
M3C002060,CMP_M3,Social,0.15,16,154,62.09,Gold,1.45,3,0.0,0
M3C002061,CMP_M3,push,0.1,4,324,22.63,Gold,4.2,3,0.0,0
M3C002062,CMP_M3,push,0.05,10,389,36.24,Bronze,1.81,3,0.0,0
M3C002063,CMP_M3,push,0.05,11,211,138.17,Gold,4.45,6,43.86,1
M3C002064,CMP_M3,Email,10,14,155,31.02,Gold,0.56,1,0.0,0
M3C002065,CMP_M3,Push,0.1,9,161,57.47,Bronze,2.14,0,0.0,0
M3C002066,CMP_M3,Social,0.15,5,294,85.06,Bronze,1.66,0,0.0,0
M3C002067,CMP_M3,Social,0.15,2,121,127.34,Bronze,2.4,0,0.0,0
M3C002068,CMP_M3,Email,0.05,5,18,23.99,Gold,1.37,1,0.0,0
M3C002069,CMP_M3,push,0.1,6,233,82.29,Silver,4.38,2,0.0,0
M3C002070,CMP_M3,push,15,5,44,65.29,Silver,2.78,0,0.0,0
M3C002071,CMP_M3,Push,0.05,7,106,125.22,Gold,4.01,1,0.0,0
M3C002072,CMP_M3,Push,0,4,221,137.46,Bronze,4.0,2,0.0,0
M3C002073,CMP_M3,Email,0.1,4,4,107.48,Bronze,4.32,7,160.38,1
M3C002074,CMP_M3,Social,0.05,12,346,135.74,Bronze,2.74,0,0.0,0
M3C002075,CMP_M3,Push,0.1,0,6,142.7,Bronze,2.79,1,0.0,0
M3C002076,CMP_M3,SMS,15,13,369,62.66,Gold,2.85,0,0.0,0
M3C002077,CMP_M3,Social,0.1,3,177,70.22,Gold,3.6,0,0.0,0
M3C002078,CMP_M3,SMS,0.05,0,201,77.35,Bronze,3.91,0,0.0,0
M3C002079,CMP_M3,Push,0.05,14,248,23.29,Bronze,2.04,3,67.89,1
M3C002080,CMP_M3,Email,0,15,229,98.62,Gold,4.72,3,93.33,1
M3C002081,CMP_M3,Push,0.1,1,88,131.65,Silver,1.58,3,0.0,0
M3C002082,CMP_M3,Email,5,15,211,126.87,Silver,4.61,1,0.0,0
M3C002083,CMP_M3,Email,0.1,14,130,61.25,Gold,0.35,3,0.0,0
M3C002084,CMP_M3,Push,0.2,14,154,35.52,Silver,2.12,1,0.0,0
M3C002085,CMP_M3,Push,0.2,14,39,97.48,Silver,3.24,3,0.0,0
M3C002086,CMP_M3,Email,0.1,1,243,72.51,Bronze,3.28,1,0.0,0
M3C002087,CMP_M3,SMS,0,15,368,123.77,Bronze,0.31,0,0.0,0
M3C002088,CMP_M3,Push,15,13,303,21.32,Gold,1.28,0,0.0,0
M3C002089,CMP_M3,Email,0.15,11,358,135.12,Gold,3.75,2,69.86,1
M3C002090,CMP_M3,Email,0,4,364,136.94,Gold,1.66,3,0.0,0
M3C002091,CMP_M3,Email,0.2,5,360,34.28,Bronze,2.72,3,0.0,0
M3C002092,CMP_M3,SMS,0.05,11,419,55.33,Silver,4.47,2,0.0,0
M3C002093,CMP_M3,SMS,0,0,253,85.78,Gold,1.58,1,0.0,0
M3C002094,CMP_M3,push,10,11,250,77.19,Silver,0.89,2,0.0,0
M3C002095,CMP_M3,Push,0.05,14,334,120.89,Gold,3.93,6,79.06,1
M3C002096,CMP_M3,SMS,0.05,11,12,136.1,Bronze,3.45,0,0.0,0
M3C002097,CMP_M3,Social,0.1,12,159,48.42,Bronze,1.82,2,0.0,0
M3C002098,CMP_M3,push,0.1,13,20,80.77,Gold,3.73,5,79.35,1
M3C002099,CMP_M3,SMS,0.05,15,166,126.88,Bronze,0.5,0,0.0,0
M3C002100,CMP_M3,Social,20,10,235,124.55,Gold,3.6,3,0.0,0
M3C002101,CMP_M3,Push,0,10,298,128.36,Bronze,2.49,3,0.0,0
M3C002102,CMP_M3,Email,0.2,4,119,140.86,Silver,3.74,2,0.0,0
M3C002103,CMP_M3,Email,0,10,394,89.9,Silver,1.17,2,0.0,0
M3C002104,CMP_M3,Email,0.2,8,73,59.01,Gold,0.86,2,0.0,0
M3C002105,CMP_M3,Push,0.2,15,350,107.11,Bronze,4.49,0,0.0,0
M3C002106,CMP_M3,Push,20,8,58,73.71,Silver,4.01,0,0.0,0
M3C002107,CMP_M3,SMS,0.15,2,180,64.39,Bronze,3.25,0,0.0,0
M3C002108,CMP_M3,SMS,0.05,6,230,62.75,Silver,3.99,3,0.0,0
M3C002109,CMP_M3,Email,0.15,2,151,135.74,Silver,4.53,2,0.0,0
M3C002110,CMP_M3,SMS,0.1,8,25,126.82,Bronze,3.22,0,0.0,0
M3C002111,CMP_M3,Email,0.2,8,27,60.39,Gold,2.61,0,0.0,0
M3C002112,CMP_M3,Social,20,14,123,56.07,Silver,1.0,1,0.0,0
M3C002113,CMP_M3,push,0.15,6,8,97.13,Gold,1.58,2,0.0,0
M3C002114,CMP_M3,Push,0.2,13,303,102.95,Silver,3.25,1,0.0,0
M3C002115,CMP_M3,Email,0.1,1,283,126.1,Bronze,4.11,1,0.0,0
M3C002116,CMP_M3,Social,0.2,15,114,126.95,Gold,2.58,2,0.0,0
M3C002117,CMP_M3,push,0.2,3,346,116.02,Silver,3.85,1,146.02,1
M3C002118,CMP_M3,Push,0,4,381,63.3,Bronze,4.42,3,0.0,0
M3C002119,CMP_M3,Push,0.1,13,371,67.34,Silver,0.76,3,0.0,0
M3C002120,CMP_M3,SMS,0.2,15,82,25.29,Silver,4.73,7,66.87,1
M3C002121,CMP_M3,Social,0.05,14,119,20.66,Silver,0.82,2,0.0,0
M3C002122,CMP_M3,Social,0.15,14,299,42.34,Bronze,4.06,2,0.0,0
M3C002123,CMP_M3,Social,0.1,15,407,31.64,Silver,1.79,1,114.53,1
M3C002124,CMP_M3,Social,15,8,282,111.81,Silver,0.83,3,0.0,0
M3C002125,CMP_M3,SMS,0.05,4,224,76.24,Gold,1.18,2,0.0,0
M3C002126,CMP_M3,Email,0.2,8,389,92.47,Silver,0.54,2,0.0,0
M3C002127,CMP_M3,Social,0.05,1,298,91.48,Bronze,2.23,3,0.0,0
M3C002128,CMP_M3,Push,0.2,13,201,131.31,Bronze,0.43,0,0.0,0
M3C002129,CMP_M3,Email,0.15,10,275,52.69,Gold,0.21,2,0.0,0
M3C002130,CMP_M3,SMS,10,3,356,133.17,Gold,3.25,2,0.0,0
M3C002131,CMP_M3,Push,0.05,11,416,88.02,Bronze,3.93,2,0.0,0
M3C002132,CMP_M3,push,0.15,3,407,115.26,Gold,4.39,0,0.0,0
M3C002133,CMP_M3,Social,0.2,10,306,35.57,Silver,1.09,2,0.0,0
M3C002134,CMP_M3,SMS,0.2,1,192,89.6,Silver,0.64,2,0.0,0
M3C002135,CMP_M3,Email,0.1,5,37,63.54,Bronze,4.35,2,0.0,0
M3C002136,CMP_M3,Email,20,6,52,38.74,Bronze,0.7,3,0.0,0
M3C002137,CMP_M3,push,0.05,4,121,91.39,Gold,0.59,4,61.91,1
M3C002138,CMP_M3,push,0.05,12,158,105.26,Bronze,1.2,2,0.0,0
M3C002139,CMP_M3,SMS,0.2,7,306,85.05,Silver,4.59,1,0.0,0
M3C002140,CMP_M3,Email,0.2,3,244,143.26,Gold,3.53,1,0.0,0
M3C002141,CMP_M3,Push,0.2,8,207,61.01,Gold,2.7,2,0.0,0
M3C002142,CMP_M3,Email,15,1,44,136.1,Bronze,4.46,3,0.0,0
M3C002143,CMP_M3,Social,0.2,5,88,23.52,Bronze,1.64,0,0.0,0
M3C002144,CMP_M3,Push,0.1,6,41,81.7,Gold,3.07,2,0.0,0
M3C002145,CMP_M3,SMS,0.2,12,46,95.13,Silver,4.41,2,0.0,0
M3C002146,CMP_M3,Push,0.05,13,304,42.06,Bronze,4.28,8,106.99,1
M3C002147,CMP_M3,Email,0,3,14,137.69,Gold,4.58,2,0.0,0
M3C002148,CMP_M3,Push,15,7,57,35.57,Bronze,0.84,3,0.0,0
M3C002149,CMP_M3,Social,0.15,15,52,45.24,Bronze,1.27,0,0.0,0
M3C002150,CMP_M3,push,0.2,1,45,72.57,Bronze,2.16,1,0.0,0
M3C002151,CMP_M3,Email,0,13,327,35.5,Gold,4.58,3,0.0,0
M3C002152,CMP_M3,Push,0.05,2,345,72.36,Silver,4.11,3,0.0,0
M3C002153,CMP_M3,Social,0.1,8,285,97.78,Bronze,1.8,4,159.95,1
M3C002154,CMP_M3,Social,20,11,202,67.83,Silver,3.11,2,0.0,0
M3C002155,CMP_M3,Email,0.1,5,394,82.17,Silver,0.35,3,0.0,0
M3C002156,CMP_M3,SMS,0,4,60,66.5,Gold,3.18,4,47.86,1
M3C002157,CMP_M3,Push,0.2,8,82,139.23,Bronze,0.21,2,0.0,0
M3C002158,CMP_M3,push,0.1,13,211,127.46,Bronze,2.8,2,111.68,1
M3C002159,CMP_M3,Social,0.1,13,397,28.05,Bronze,1.12,1,0.0,0
M3C002160,CMP_M3,Push,5,5,206,100.04,Silver,4.83,0,0.0,0
M3C002161,CMP_M3,Push,0.15,5,250,29.54,Bronze,4.53,3,0.0,0
M3C002162,CMP_M3,push,0.1,9,159,58.62,Silver,2.61,1,0.0,0
M3C002163,CMP_M3,push,0.05,0,14,143.27,Silver,0.27,0,0.0,0
M3C002164,CMP_M3,Email,0,15,135,19.64,Silver,3.53,1,0.0,0
M3C002165,CMP_M3,Email,0,4,297,105.62,Silver,0.73,0,0.0,0
M3C002166,CMP_M3,Social,20,16,420,138.65,Silver,3.19,0,0.0,0
M3C002167,CMP_M3,push,0,9,343,132.08,Gold,1.28,0,0.0,0
M3C002168,CMP_M3,Push,0.05,5,23,124.16,Silver,2.4,1,0.0,0
M3C002169,CMP_M3,push,0.1,11,76,34.14,Gold,3.01,2,0.0,0
M3C002170,CMP_M3,Email,0,13,70,39.48,Bronze,0.76,0,0.0,0
M3C002171,CMP_M3,push,0.2,11,193,101.26,Gold,4.41,0,0.0,0
M3C002172,CMP_M3,Email,5,3,405,83.55,Gold,1.96,0,0.0,0
M3C002173,CMP_M3,SMS,0.05,4,316,80.63,Gold,0.42,2,0.0,0
M3C002174,CMP_M3,Push,0.1,11,123,127.74,Gold,2.24,2,0.0,0
M3C002175,CMP_M3,Email,0.2,1,283,73.76,Bronze,3.67,1,0.0,0
M3C002176,CMP_M3,Social,0.15,13,56,49.45,Silver,3.27,3,110.61,1
M3C002177,CMP_M3,SMS,0,9,403,67.61,Silver,0.64,2,0.0,0
M3C002178,CMP_M3,Push,20,8,283,67.75,Silver,0.65,1,40.14,1
M3C002179,CMP_M3,Email,0.15,8,358,59.92,Gold,0.35,0,0.0,0
M3C002180,CMP_M3,Social,0.15,14,179,87.28,Silver,2.17,1,0.0,0
M3C002181,CMP_M3,push,0,10,334,51.96,Gold,2.46,2,57.63,1
M3C002182,CMP_M3,SMS,0.2,7,37,31.18,Silver,3.44,3,0.0,0
M3C002183,CMP_M3,Social,0.15,15,317,141.01,Silver,3.46,0,0.0,0
M3C002184,CMP_M3,Push,15,0,5,100.68,Gold,3.4,3,95.38,1
M3C002185,CMP_M3,SMS,0.1,8,52,54.21,Bronze,0.71,0,0.0,0
M3C002186,CMP_M3,push,0,7,18,24.4,Gold,2.6,8,55.06,1
M3C002187,CMP_M3,Push,0,1,330,130.34,Gold,0.66,3,35.21,1
M3C002188,CMP_M3,push,0.2,0,300,85.18,Gold,4.38,1,0.0,0
M3C002189,CMP_M3,SMS,0.15,13,295,123.1,Silver,2.6,2,0.0,0
M3C002190,CMP_M3,push,20,3,193,90.25,Bronze,3.95,0,0.0,0
M3C002191,CMP_M3,Push,0.2,3,122,23.02,Silver,1.63,3,96.55,1
M3C002192,CMP_M3,Social,0.15,16,323,129.15,Bronze,3.22,2,0.0,0
M3C002193,CMP_M3,push,0,4,155,47.79,Silver,0.58,1,0.0,0
M3C002194,CMP_M3,SMS,0,0,128,108.63,Bronze,2.26,0,0.0,0
M3C002195,CMP_M3,SMS,0.2,9,239,69.9,Silver,4.24,0,0.0,0
M3C002196,CMP_M3,Email,20,4,389,139.93,Silver,3.95,3,0.0,0
M3C002197,CMP_M3,Email,0,13,117,73.56,Bronze,0.49,2,0.0,0
M3C002198,CMP_M3,SMS,0,1,405,51.64,Silver,1.28,0,0.0,0
M3C002199,CMP_M3,SMS,0.05,1,298,45.32,Bronze,4.05,0,0.0,0
M3C002200,CMP_M3,Email,0.1,3,261,98.33,Bronze,1.91,3,0.0,0
M3C002201,CMP_M3,Social,0.2,12,253,110.45,Gold,2.28,3,0.0,0
M3C002202,CMP_M3,Social,20,13,131,51.54,Gold,4.79,6,123.96,1
M3C002203,CMP_M3,SMS,0.1,5,223,20.58,Silver,1.13,1,0.0,0
M3C002204,CMP_M3,Social,0.2,9,216,120.05,Gold,4.21,2,0.0,0
M3C002205,CMP_M3,Email,0.2,8,254,52.23,Bronze,2.34,3,40.89,1
M3C002206,CMP_M3,Push,0.2,1,188,101.36,Bronze,2.04,1,148.71,1
M3C002207,CMP_M3,Social,0.15,8,268,139.41,Silver,3.54,0,0.0,0
M3C002208,CMP_M3,SMS,0,12,274,129.33,Silver,4.68,0,0.0,0
M3C002209,CMP_M3,SMS,0.1,7,339,38.69,Bronze,1.46,3,0.0,0
M3C002210,CMP_M3,push,0.15,0,205,43.34,Silver,3.5,0,0.0,0
M3C002211,CMP_M3,Email,0.05,6,59,38.35,Bronze,3.07,2,136.39,1
M3C002212,CMP_M3,Social,0,2,342,113.64,Bronze,1.73,3,0.0,0
M3C002213,CMP_M3,push,0.05,12,57,53.39,Bronze,3.47,3,0.0,0
M3C002214,CMP_M3,Social,15,10,340,118.45,Bronze,3.25,0,0.0,0
M3C002215,CMP_M3,Email,0.05,0,174,74.84,Gold,1.98,2,0.0,0
M3C002216,CMP_M3,Email,0,2,152,137.24,Gold,3.85,1,0.0,0
M3C002217,CMP_M3,Push,0.15,13,142,92.84,Silver,1.06,1,0.0,0
M3C002218,CMP_M3,push,0.2,0,174,92.4,Gold,2.75,4,45.91,1
M3C002219,CMP_M3,Social,0,4,204,140.69,Silver,4.24,2,0.0,0
M3C002220,CMP_M3,push,15,10,301,139.57,Gold,2.71,1,0.0,0
M3C002221,CMP_M3,push,0.05,14,57,33.53,Bronze,2.39,3,0.0,0
M3C002222,CMP_M3,Email,0.05,6,394,69.82,Gold,1.09,0,0.0,0
M3C002223,CMP_M3,Push,0.15,15,239,27.78,Gold,3.41,0,0.0,0
M3C002224,CMP_M3,Push,0,15,123,127.74,Gold,1.88,1,95.13,1
M3C002225,CMP_M3,Push,0.05,12,416,114.9,Bronze,0.28,2,171.35,1
M3C002226,CMP_M3,Email,0,12,82,134.54,Silver,0.98,1,0.0,0
M3C002227,CMP_M3,Email,0.15,3,68,59.9,Gold,3.97,3,0.0,0
M3C002228,CMP_M3,Social,0.05,16,297,73.18,Gold,3.81,0,0.0,0
M3C002229,CMP_M3,SMS,0,12,302,82.5,Gold,0.66,1,0.0,0
M3C002230,CMP_M3,SMS,0,5,411,105.08,Bronze,2.98,3,40.29,1
M3C002231,CMP_M3,SMS,0.15,15,418,63.75,Silver,0.25,3,0.0,0
M3C002232,CMP_M3,Email,0,9,263,30.75,Gold,4.04,1,0.0,0
M3C002233,CMP_M3,Push,0.1,11,371,142.2,Bronze,4.72,2,0.0,0
M3C002234,CMP_M3,push,0.15,0,40,66.7,Silver,1.82,6,116.88,1
M3C002235,CMP_M3,Push,0.05,7,322,109.87,Silver,3.96,3,0.0,0
M3C002236,CMP_M3,Push,0,1,319,138.2,Silver,1.0,2,0.0,0
M3C002237,CMP_M3,Email,0.1,7,395,35.62,Silver,2.38,1,0.0,0
M3C002238,CMP_M3,Push,20,2,401,76.18,Gold,4.1,2,0.0,0
M3C002239,CMP_M3,Email,0.05,12,158,21.02,Gold,3.36,0,0.0,0
M3C002240,CMP_M3,Social,0.1,0,20,62.66,Gold,2.26,1,0.0,0
M3C002241,CMP_M3,Social,0,6,169,107.12,Silver,2.33,1,157.32,1
M3C002242,CMP_M3,SMS,0.2,3,378,69.63,Gold,2.83,1,0.0,0
M3C002243,CMP_M3,Push,0,14,257,49.88,Gold,4.84,2,0.0,0
M3C002244,CMP_M3,Social,10,5,408,25.6,Bronze,1.95,0,0.0,0
M3C002245,CMP_M3,Social,0.2,14,412,73.0,Bronze,1.98,0,0.0,0
M3C002246,CMP_M3,Social,0.15,2,172,126.76,Bronze,2.18,0,0.0,0
M3C002247,CMP_M3,Push,0.15,0,256,36.92,Silver,3.02,1,0.0,0
M3C002248,CMP_M3,push,0.2,15,23,43.53,Gold,2.38,3,0.0,0
M3C002249,CMP_M3,Email,0.15,16,369,19.82,Gold,0.77,1,0.0,0
M3C002250,CMP_M3,Push,20,11,48,55.91,Silver,2.67,3,0.0,0
M3C002251,CMP_M3,Push,0.2,5,52,36.89,Bronze,2.9,0,0.0,0
M3C002252,CMP_M3,Email,0.1,6,150,46.24,Bronze,2.56,2,0.0,0
M3C002253,CMP_M3,push,0.1,5,257,55.86,Silver,1.58,2,0.0,0
M3C002254,CMP_M3,Social,0.05,5,298,128.7,Gold,2.45,3,0.0,0
M3C002255,CMP_M3,push,0.15,16,1,90.81,Gold,0.88,3,0.0,0
M3C002256,CMP_M3,SMS,20,7,127,143.84,Bronze,2.5,0,0.0,0
M3C002257,CMP_M3,Social,0.05,0,184,67.26,Bronze,1.49,3,0.0,0
M3C002258,CMP_M3,push,0,11,82,99.35,Silver,4.3,3,0.0,0
M3C002259,CMP_M3,Push,0.2,9,174,115.12,Bronze,1.48,2,0.0,0
M3C002260,CMP_M3,Push,0,14,139,85.73,Bronze,4.75,3,0.0,0
M3C002261,CMP_M3,push,0.1,11,99,71.9,Silver,3.66,3,0.0,0
M3C002262,CMP_M3,Social,10,6,7,139.05,Silver,1.45,1,0.0,0
M3C002263,CMP_M3,Push,0,15,397,43.37,Silver,1.48,0,0.0,0
M3C002264,CMP_M3,Social,0.15,15,306,76.79,Gold,4.9,1,0.0,0
M3C002265,CMP_M3,Social,0.05,6,123,110.8,Gold,0.93,3,0.0,0
M3C002266,CMP_M3,SMS,0.05,2,364,57.33,Bronze,4.21,0,0.0,0
M3C002267,CMP_M3,Social,0.1,10,294,108.86,Gold,1.3,3,0.0,0
M3C002268,CMP_M3,SMS,10,5,147,20.79,Gold,3.38,3,0.0,0
M3C002269,CMP_M3,Push,0.2,2,292,120.39,Silver,0.34,0,0.0,0
M3C002270,CMP_M3,Social,0,16,141,42.54,Silver,1.67,4,39.74,1
M3C002271,CMP_M3,SMS,0.2,8,407,71.82,Bronze,1.36,2,0.0,0
M3C002272,CMP_M3,push,0.15,4,73,55.72,Bronze,4.69,3,0.0,0
M3C002273,CMP_M3,push,0,12,173,51.04,Gold,1.71,2,31.33,1
M3C002274,CMP_M3,Social,20,7,298,133.96,Bronze,4.9,0,0.0,0
M3C002275,CMP_M3,push,0.15,3,69,113.0,Gold,1.49,6,169.05,1
M3C002276,CMP_M3,push,0.1,8,213,140.32,Gold,0.87,2,0.0,0
M3C002277,CMP_M3,SMS,0.05,6,44,93.28,Gold,2.53,2,152.2,1
M3C002278,CMP_M3,Email,0.15,8,352,110.48,Silver,1.79,2,0.0,0
M3C002279,CMP_M3,push,0.2,15,380,36.11,Bronze,3.68,0,0.0,0
M3C002280,CMP_M3,Email,20,5,112,92.07,Bronze,3.13,2,0.0,0
M3C002281,CMP_M3,push,0.1,3,259,54.59,Silver,3.94,0,0.0,0
M3C002282,CMP_M3,SMS,0.2,3,105,142.04,Gold,2.21,1,0.0,0
M3C002283,CMP_M3,SMS,0.05,15,405,83.79,Silver,0.6,0,0.0,0
M3C002284,CMP_M3,Push,0.1,7,182,43.03,Gold,0.31,1,0.0,0
M3C002285,CMP_M3,Push,0.15,6,57,39.77,Silver,1.27,3,0.0,0
M3C002286,CMP_M3,push,0,4,378,73.74,Silver,3.76,2,0.0,0
M3C002287,CMP_M3,Email,0,4,164,120.51,Bronze,0.77,1,0.0,0
M3C002288,CMP_M3,Email,0.2,5,355,101.56,Silver,0.21,1,0.0,0
M3C002289,CMP_M3,Push,0.1,10,172,21.86,Bronze,1.58,0,0.0,0
M3C002290,CMP_M3,Email,0.1,2,140,96.26,Gold,1.83,2,0.0,0
M3C002291,CMP_M3,push,0,15,36,73.23,Bronze,1.4,0,0.0,0
M3C002292,CMP_M3,SMS,15,2,62,24.21,Gold,4.44,2,58.12,1
M3C002293,CMP_M3,Email,0.05,2,117,39.89,Bronze,3.06,1,0.0,0
M3C002294,CMP_M3,SMS,0,1,311,90.35,Gold,0.45,2,0.0,0
M3C002295,CMP_M3,Push,0.15,15,159,36.77,Silver,0.67,1,0.0,0
M3C002296,CMP_M3,SMS,0.2,13,221,131.84,Gold,1.02,0,0.0,0
M3C002297,CMP_M3,push,0.2,1,414,51.11,Bronze,2.4,3,0.0,0
M3C002298,CMP_M3,push,20,11,58,112.3,Bronze,3.37,0,0.0,0
M3C002299,CMP_M3,Social,0.2,13,91,95.26,Bronze,3.87,6,28.34,1
M3C002300,CMP_M3,push,0,3,326,99.13,Bronze,2.91,3,0.0,0
M3C002301,CMP_M3,push,0.05,10,262,126.43,Bronze,1.85,2,0.0,0
M3C002302,CMP_M3,Email,0.15,16,63,54.85,Bronze,3.58,0,0.0,0
M3C002303,CMP_M3,push,0.2,4,302,47.18,Silver,3.62,0,0.0,0
M3C002304,CMP_M3,Push,20,15,191,51.2,Bronze,0.87,1,0.0,0
M3C002305,CMP_M3,push,0.2,13,388,73.74,Silver,0.31,3,0.0,0
M3C002306,CMP_M3,SMS,0.2,13,121,31.12,Bronze,0.8,1,0.0,0
M3C002307,CMP_M3,Push,0.05,8,178,90.56,Gold,1.13,4,144.01,1
M3C002308,CMP_M3,push,0,11,101,144.8,Silver,1.64,0,0.0,0
M3C002309,CMP_M3,Social,0.15,5,249,20.97,Silver,2.97,3,0.0,0
M3C002310,CMP_M3,Push,10,5,123,46.04,Silver,4.52,3,0.0,0
M3C002311,CMP_M3,Social,0.05,7,188,23.55,Bronze,4.45,0,0.0,0
M3C002312,CMP_M3,push,0.1,15,317,97.15,Silver,4.81,2,0.0,0
M3C002313,CMP_M3,Push,0.1,1,406,111.95,Bronze,4.72,5,158.98,1
M3C002314,CMP_M3,Social,0.05,14,295,102.73,Bronze,2.22,0,0.0,0
M3C002315,CMP_M3,Social,0.15,1,288,49.65,Silver,0.66,3,0.0,0
M3C002316,CMP_M3,SMS,10,2,81,31.11,Bronze,2.86,2,0.0,0
M3C002317,CMP_M3,push,0.2,0,85,119.39,Bronze,2.86,3,0.0,0
M3C002318,CMP_M3,Social,0.15,7,242,138.46,Bronze,0.74,3,0.0,0
M3C002319,CMP_M3,Email,0.2,15,164,87.3,Gold,3.35,3,0.0,0
M3C002320,CMP_M3,Push,0,7,302,52.99,Bronze,2.0,3,0.0,0
M3C002321,CMP_M3,Email,0.1,16,20,87.57,Bronze,3.98,1,0.0,0
M3C002322,CMP_M3,Email,5,15,205,65.68,Bronze,1.26,1,0.0,0
M3C002323,CMP_M3,Push,0.05,12,284,40.02,Bronze,1.99,2,0.0,0
M3C002324,CMP_M3,push,0.15,14,11,58.17,Silver,0.48,0,0.0,0
M3C002325,CMP_M3,SMS,0,4,303,110.01,Bronze,2.36,2,0.0,0
M3C002326,CMP_M3,Social,0.05,3,275,29.2,Silver,0.74,1,0.0,0
M3C002327,CMP_M3,SMS,0.15,16,17,104.43,Silver,4.46,1,0.0,0
M3C002328,CMP_M3,Push,20,0,414,79.82,Silver,3.98,3,0.0,0
M3C002329,CMP_M3,Email,0.15,13,406,90.06,Bronze,1.6,1,0.0,0
M3C002330,CMP_M3,Push,0.1,0,68,77.09,Gold,4.16,7,161.65,1
M3C002331,CMP_M3,push,0.05,7,133,75.48,Silver,0.25,1,96.01,1
M3C002332,CMP_M3,SMS,0.2,10,286,126.28,Gold,4.29,3,0.0,0
M3C002333,CMP_M3,push,0.15,15,43,127.17,Bronze,2.16,5,162.11,1
M3C002334,CMP_M3,Push,5,9,191,92.34,Gold,1.54,2,0.0,0
M3C002335,CMP_M3,push,0,15,419,19.03,Gold,2.61,0,0.0,0
M3C002336,CMP_M3,Email,0.15,10,338,76.6,Bronze,3.76,3,0.0,0
M3C002337,CMP_M3,Email,0,6,93,136.73,Bronze,3.78,0,0.0,0
M3C002338,CMP_M3,push,0,15,98,54.16,Bronze,4.58,2,0.0,0
M3C002339,CMP_M3,Push,0,5,112,64.22,Silver,3.7,1,0.0,0
M3C002340,CMP_M3,Email,20,12,278,93.66,Silver,0.6,1,0.0,0
M3C002341,CMP_M3,push,0,8,21,116.38,Gold,1.76,4,108.63,1
M3C002342,CMP_M3,SMS,0,16,271,45.74,Silver,3.68,3,0.0,0
M3C002343,CMP_M3,SMS,0.2,6,93,74.35,Bronze,1.85,0,0.0,0
M3C002344,CMP_M3,Social,0.05,1,393,64.83,Bronze,2.94,2,0.0,0
M3C002345,CMP_M3,SMS,0.15,2,293,21.47,Silver,0.6,0,0.0,0
M3C002346,CMP_M3,Push,15,1,100,75.91,Silver,3.69,0,0.0,0
M3C002347,CMP_M3,push,0.15,6,252,88.7,Gold,1.55,5,161.57,1
M3C002348,CMP_M3,Social,0.2,11,319,43.48,Silver,1.05,1,0.0,0
M3C002349,CMP_M3,push,0.05,4,301,24.5,Gold,0.28,0,0.0,0
M3C002350,CMP_M3,Email,0.05,10,161,65.47,Gold,4.48,0,0.0,0
M3C002351,CMP_M3,Email,0.1,2,322,75.65,Gold,1.42,0,0.0,0
M3C002352,CMP_M3,Push,5,4,210,127.85,Bronze,1.37,0,0.0,0
M3C002353,CMP_M3,push,0.1,15,402,74.79,Gold,3.08,3,0.0,0
M3C002354,CMP_M3,Push,0.1,14,22,36.52,Gold,4.72,2,43.57,1
M3C002355,CMP_M3,Push,0.15,3,127,56.12,Bronze,2.05,0,0.0,0
M3C002356,CMP_M3,Email,0.05,15,77,93.76,Silver,4.01,8,29.03,1
M3C002357,CMP_M3,Social,0.2,5,262,85.71,Gold,0.51,1,0.0,0
M3C002358,CMP_M3,Push,0,13,303,25.76,Bronze,1.64,8,35.94,1
M3C002359,CMP_M3,SMS,0.2,0,14,111.63,Bronze,1.96,3,0.0,0
M3C002360,CMP_M3,Push,0.1,5,108,98.56,Gold,1.36,1,0.0,0
M3C002361,CMP_M3,SMS,0,8,284,57.86,Silver,4.21,2,0.0,0
M3C002362,CMP_M3,Social,0.1,5,27,120.15,Silver,4.61,3,0.0,0
M3C002363,CMP_M3,push,0.2,15,30,90.7,Gold,2.09,1,82.2,1
M3C002364,CMP_M3,Social,15,14,8,69.18,Silver,3.37,1,0.0,0
M3C002365,CMP_M3,SMS,0,4,216,141.67,Silver,2.12,3,0.0,0
M3C002366,CMP_M3,SMS,0,12,140,108.96,Gold,2.54,1,0.0,0
M3C002367,CMP_M3,Social,0,16,111,75.36,Bronze,2.97,3,0.0,0
M3C002368,CMP_M3,Push,0,16,174,46.04,Gold,2.26,1,0.0,0
M3C002369,CMP_M3,Social,0.2,11,306,62.83,Gold,2.71,2,0.0,0
M3C002370,CMP_M3,push,5,15,315,44.95,Silver,1.4,1,0.0,0
M3C002371,CMP_M3,Push,0.1,16,308,110.25,Silver,1.83,0,0.0,0
M3C002372,CMP_M3,Push,0,11,50,50.96,Bronze,2.13,3,0.0,0
M3C002373,CMP_M3,Email,0.05,10,224,78.95,Bronze,0.86,0,0.0,0
M3C002374,CMP_M3,SMS,0.2,13,289,78.29,Gold,3.94,1,67.67,1
M3C002375,CMP_M3,Push,0.1,3,96,104.77,Silver,4.34,0,0.0,0
M3C002376,CMP_M3,Social,10,5,251,68.38,Gold,2.39,3,0.0,0
M3C002377,CMP_M3,SMS,0.15,15,201,19.25,Silver,3.44,1,0.0,0
M3C002378,CMP_M3,Email,0.2,16,44,137.0,Gold,4.14,2,0.0,0
M3C002379,CMP_M3,Social,0.1,1,174,27.72,Gold,3.72,1,0.0,0
M3C002380,CMP_M3,SMS,0.05,6,87,76.51,Silver,3.13,2,0.0,0
M3C002381,CMP_M3,push,0.2,11,331,66.4,Gold,4.77,0,0.0,0
M3C002382,CMP_M3,Push,20,13,15,109.91,Gold,2.64,1,87.37,1
M3C002383,CMP_M3,Push,0.05,8,20,88.73,Silver,3.58,0,0.0,0
M3C002384,CMP_M3,push,0,6,6,129.6,Bronze,0.77,1,0.0,0
M3C002385,CMP_M3,push,0.15,2,201,46.96,Gold,4.74,2,0.0,0
M3C002386,CMP_M3,push,0.15,9,331,141.99,Silver,0.75,0,0.0,0
M3C002387,CMP_M3,Social,0,15,259,125.51,Silver,4.42,2,0.0,0
M3C002388,CMP_M3,Email,15,4,371,144.46,Bronze,4.62,3,0.0,0
M3C002389,CMP_M3,Social,0.1,0,95,142.33,Bronze,3.58,1,0.0,0
M3C002390,CMP_M3,SMS,0.05,2,169,24.37,Bronze,4.09,0,0.0,0
M3C002391,CMP_M3,Social,0.05,2,222,64.97,Bronze,1.35,2,0.0,0
M3C002392,CMP_M3,Social,0,7,12,60.61,Silver,2.37,1,0.0,0
M3C002393,CMP_M3,Push,0.05,9,31,56.38,Gold,3.79,3,0.0,0
M3C002394,CMP_M3,Push,5,5,223,89.5,Silver,1.87,3,0.0,0
M3C002395,CMP_M3,Social,0.2,1,218,69.28,Bronze,0.73,3,0.0,0
M3C002396,CMP_M3,Email,0,7,42,141.55,Silver,1.57,0,0.0,0
M3C002397,CMP_M3,Push,0.15,10,118,75.6,Gold,3.61,2,0.0,0
M3C002398,CMP_M3,Push,0,1,74,138.08,Bronze,3.15,3,0.0,0
M3C002399,CMP_M3,SMS,0.05,0,85,39.22,Bronze,1.52,3,0.0,0
M3C002400,CMP_M3,Social,10,13,197,140.32,Silver,2.47,0,0.0,0
M3C002401,CMP_M3,Social,0.05,13,125,75.26,Bronze,2.26,2,0.0,0
M3C002402,CMP_M3,Push,0.15,10,404,56.47,Bronze,0.68,4,146.74,1
M3C002403,CMP_M3,SMS,0,4,255,122.28,Bronze,3.39,2,0.0,0
M3C002404,CMP_M3,Email,0.1,2,316,70.72,Silver,2.45,1,0.0,0
M3C002405,CMP_M3,Social,0,4,95,112.77,Silver,4.56,2,0.0,0
M3C002406,CMP_M3,SMS,15,10,116,27.88,Gold,4.73,2,0.0,0
M3C002407,CMP_M3,push,0.15,14,28,66.41,Gold,3.88,0,0.0,0
M3C002408,CMP_M3,Social,0,3,307,83.17,Gold,1.77,3,49.53,1
M3C002409,CMP_M3,Email,0,0,257,106.35,Gold,2.34,3,0.0,0
M3C002410,CMP_M3,Push,0.15,16,114,64.85,Silver,0.62,8,66.83,1
M3C002411,CMP_M3,Social,0.2,1,316,26.16,Bronze,3.86,3,63.25,1
M3C002412,CMP_M3,SMS,5,8,126,98.36,Bronze,1.78,2,0.0,0
M3C002413,CMP_M3,Social,0.2,2,136,20.28,Gold,1.09,1,0.0,0
M3C002414,CMP_M3,Push,0.15,14,244,77.48,Silver,2.21,7,154.74,1
M3C002415,CMP_M3,Social,0.05,13,408,121.92,Bronze,3.94,3,0.0,0
M3C002416,CMP_M3,Social,0.1,2,312,63.04,Gold,4.74,2,0.0,0
M3C002417,CMP_M3,Social,0.2,13,158,70.71,Silver,3.26,1,0.0,0
M3C002418,CMP_M3,Social,0,4,95,81.52,Gold,4.43,0,0.0,0
M3C002419,CMP_M3,Social,0.15,0,339,122.53,Gold,4.83,1,0.0,0
M3C002420,CMP_M3,push,0,15,325,127.95,Bronze,2.59,2,0.0,0
M3C002421,CMP_M3,Social,0.2,16,229,50.35,Bronze,1.16,2,0.0,0
M3C002422,CMP_M3,Email,0.15,8,243,92.48,Gold,4.56,0,0.0,0
M3C002423,CMP_M3,push,0.15,4,246,97.65,Silver,2.13,2,0.0,0
M3C002424,CMP_M3,push,15,6,405,74.45,Gold,1.98,0,0.0,0
M3C002425,CMP_M3,Email,0.05,14,31,126.64,Silver,0.3,1,0.0,0
M3C002426,CMP_M3,Email,0,0,164,49.41,Silver,2.96,2,0.0,0
M3C002427,CMP_M3,Social,0.2,10,378,22.44,Bronze,1.68,1,0.0,0
M3C002428,CMP_M3,push,0.1,0,167,124.37,Silver,1.89,3,0.0,0
M3C002429,CMP_M3,push,0.15,16,131,92.52,Bronze,1.49,0,0.0,0
M3C002430,CMP_M3,SMS,10,13,245,99.14,Bronze,1.79,2,0.0,0
M3C002431,CMP_M3,push,0.1,2,255,52.94,Gold,0.68,2,0.0,0
M3C002432,CMP_M3,SMS,0,13,137,46.04,Gold,1.73,1,93.09,1
M3C002433,CMP_M3,SMS,0.15,0,200,95.02,Silver,1.47,2,0.0,0
M3C002434,CMP_M3,push,0.2,13,206,51.35,Gold,2.89,3,104.84,1
M3C002435,CMP_M3,Push,0.15,15,167,97.62,Silver,0.75,1,0.0,0
M3C002436,CMP_M3,push,5,12,351,39.8,Silver,0.38,0,0.0,0
M3C002437,CMP_M3,Social,0.1,8,9,89.26,Silver,3.86,0,0.0,0
M3C002438,CMP_M3,Social,0.2,0,270,128.84,Silver,2.43,1,0.0,0
M3C002439,CMP_M3,SMS,0.1,13,127,39.52,Bronze,1.09,1,0.0,0
M3C002440,CMP_M3,push,0.15,5,114,99.69,Silver,1.08,2,0.0,0
M3C002441,CMP_M3,Email,0.15,13,126,74.74,Bronze,0.73,0,0.0,0
M3C002442,CMP_M3,Push,20,0,405,64.34,Gold,3.21,2,0.0,0
M3C002443,CMP_M3,push,0.1,5,398,76.16,Bronze,3.04,1,0.0,0
M3C002444,CMP_M3,Push,0.1,0,347,92.3,Silver,4.84,3,0.0,0
M3C002445,CMP_M3,Email,0.15,14,268,119.28,Silver,4.76,3,150.86,1
M3C002446,CMP_M3,Social,0.05,16,157,23.39,Bronze,1.44,1,0.0,0
M3C002447,CMP_M3,Social,0.15,6,157,27.66,Silver,3.73,2,0.0,0
M3C002448,CMP_M3,Push,5,11,143,20.8,Gold,1.55,2,0.0,0
M3C002449,CMP_M3,Social,0.15,4,370,28.67,Silver,1.31,2,0.0,0
M3C002450,CMP_M3,Email,0.15,7,10,35.13,Bronze,1.49,3,133.04,1
M3C002451,CMP_M3,SMS,0.1,9,211,136.42,Gold,3.54,0,0.0,0
M3C002452,CMP_M3,Push,0.1,6,82,101.97,Bronze,2.04,1,0.0,0
M3C002453,CMP_M3,push,0.1,9,56,103.4,Silver,3.44,1,0.0,0
M3C002454,CMP_M3,push,0,8,105,90.84,Gold,3.23,1,0.0,0
M3C002455,CMP_M3,Email,0.05,10,160,67.69,Gold,2.61,1,0.0,0
M3C002456,CMP_M3,Social,0.15,6,322,51.76,Bronze,1.34,0,0.0,0
M3C002457,CMP_M3,Push,0.15,0,33,70.07,Gold,4.15,2,0.0,0
M3C002458,CMP_M3,Push,0.05,7,242,32.08,Bronze,0.63,0,0.0,0
M3C002459,CMP_M3,SMS,0.1,1,233,31.63,Bronze,4.74,2,0.0,0
M3C002460,CMP_M3,push,0,3,231,110.8,Bronze,3.71,3,0.0,0
M3C002461,CMP_M3,Social,0.2,3,291,81.28,Silver,0.91,1,0.0,0
M3C002462,CMP_M3,Push,0.05,6,180,39.31,Gold,3.1,0,0.0,0
M3C002463,CMP_M3,Push,0.2,2,348,23.69,Gold,4.65,0,0.0,0
M3C002464,CMP_M3,push,0.2,0,230,118.82,Gold,4.86,1,0.0,0
M3C002465,CMP_M3,Email,0.1,14,187,66.32,Bronze,2.93,1,0.0,0
M3C002466,CMP_M3,SMS,5,13,8,130.55,Silver,4.76,1,0.0,0
M3C002467,CMP_M3,Social,0,16,212,103.13,Silver,0.36,0,0.0,0
M3C002468,CMP_M3,push,0.05,1,299,59.65,Gold,1.07,0,0.0,0
M3C002469,CMP_M3,Email,0.2,8,279,117.85,Gold,2.44,1,0.0,0
M3C002470,CMP_M3,Push,0.05,6,386,82.6,Bronze,2.25,1,0.0,0
M3C002471,CMP_M3,SMS,0,9,239,144.5,Gold,0.73,2,0.0,0
M3C002472,CMP_M3,push,20,5,188,78.08,Bronze,4.52,3,0.0,0
M3C002473,CMP_M3,SMS,0.05,3,136,21.66,Silver,2.81,3,0.0,0
M3C002474,CMP_M3,Social,0,16,284,124.92,Silver,3.75,2,0.0,0
M3C002475,CMP_M3,Email,0,8,121,131.68,Silver,3.61,2,0.0,0
M3C002476,CMP_M3,Push,0.1,16,335,130.7,Bronze,1.69,1,0.0,0
M3C002477,CMP_M3,Email,0.1,2,387,36.3,Gold,4.2,0,0.0,0
M3C002478,CMP_M3,Social,20,4,38,23.57,Bronze,2.6,0,0.0,0
M3C002479,CMP_M3,Email,0.1,4,64,144.78,Silver,3.47,2,0.0,0
M3C002480,CMP_M3,Push,0.2,8,135,65.15,Silver,4.88,1,0.0,0
M3C002481,CMP_M3,Email,0.2,14,253,88.35,Silver,3.46,1,0.0,0
M3C002482,CMP_M3,push,0.1,3,145,88.79,Silver,3.12,1,0.0,0
M3C002483,CMP_M3,push,0.1,10,420,102.93,Silver,1.37,2,0.0,0
M3C002484,CMP_M3,Email,20,5,190,99.83,Bronze,4.63,0,0.0,0
M3C002485,CMP_M3,Push,0.2,4,75,107.97,Bronze,2.97,1,0.0,0
M3C002486,CMP_M3,Push,0.05,12,235,108.19,Bronze,1.0,1,0.0,0
M3C002487,CMP_M3,push,0,10,160,60.09,Silver,3.83,3,0.0,0
M3C002488,CMP_M3,Email,0,8,403,126.4,Gold,4.9,3,0.0,0
M3C002489,CMP_M3,Push,0.15,15,117,85.46,Silver,4.26,5,38.26,1
M3C002490,CMP_M3,Email,10,13,259,99.2,Silver,0.51,2,0.0,0
M3C002491,CMP_M3,Email,0.1,5,248,133.06,Gold,3.47,3,0.0,0
M3C002492,CMP_M3,Push,0.15,2,186,31.59,Silver,4.71,0,0.0,0
M3C002493,CMP_M3,Email,0.1,2,155,41.65,Gold,3.16,0,0.0,0
M3C002494,CMP_M3,Social,0.05,7,284,24.32,Silver,2.32,1,67.16,1
M3C002495,CMP_M3,push,0.1,16,129,62.61,Gold,1.93,4,54.4,1
M3C002496,CMP_M3,Email,15,11,397,66.24,Silver,0.3,1,0.0,0
M3C002497,CMP_M3,Social,0.05,11,12,134.29,Bronze,3.74,0,0.0,0
M3C002498,CMP_M3,push,0.15,3,265,94.62,Bronze,4.51,0,0.0,0
M3C002499,CMP_M3,Email,0,9,412,36.65,Silver,2.0,2,0.0,0
M3C002500,CMP_M3,Social,0.1,6,366,119.69,Silver,3.62,2,0.0,0
M3C002501,CMP_M3,push,0.1,1,198,69.59,Gold,3.97,3,0.0,0
M3C002502,CMP_M3,Email,0,11,113,61.37,Silver,1.58,1,0.0,0
M3C002503,CMP_M3,Push,0.15,6,353,22.46,Gold,4.17,6,64.33,1
M3C002504,CMP_M3,Social,0.2,8,365,41.47,Silver,1.06,3,0.0,0
M3C002505,CMP_M3,Email,0,1,398,130.14,Bronze,3.25,2,0.0,0
M3C002506,CMP_M3,push,0.1,0,165,97.53,Silver,2.17,0,0.0,0
M3C002507,CMP_M3,SMS,0.05,14,28,77.56,Silver,2.31,2,0.0,0
M3C002508,CMP_M3,SMS,0,1,354,48.85,Bronze,0.9,0,0.0,0
M3C002509,CMP_M3,SMS,0.15,11,235,75.95,Gold,4.02,4,141.07,1
M3C002510,CMP_M3,Push,0.2,0,367,116.29,Silver,3.48,3,0.0,0
M3C002511,CMP_M3,push,0.2,7,281,100.98,Gold,3.47,2,0.0,0
M3C002512,CMP_M3,push,0.2,9,149,122.78,Gold,2.01,1,0.0,0
M3C002513,CMP_M3,SMS,0.1,12,118,80.7,Silver,1.03,3,0.0,0
M3C002514,CMP_M3,Email,5,2,304,127.37,Gold,3.13,2,0.0,0
M3C002515,CMP_M3,SMS,0.05,4,320,128.02,Silver,1.31,2,0.0,0
M3C002516,CMP_M3,push,0.15,8,309,69.22,Silver,4.84,2,0.0,0
M3C002517,CMP_M3,Social,0.05,5,214,35.43,Gold,0.26,1,0.0,0
M3C002518,CMP_M3,Push,0.1,0,187,92.38,Bronze,2.46,0,0.0,0
M3C002519,CMP_M3,Social,0.15,7,193,24.15,Silver,2.51,2,0.0,0
M3C002520,CMP_M3,Social,15,15,130,49.82,Silver,3.87,2,0.0,0
M3C002521,CMP_M3,Email,0.05,4,416,22.0,Silver,3.22,2,0.0,0
M3C002522,CMP_M3,Social,0.05,10,51,49.21,Bronze,1.69,1,0.0,0
M3C002523,CMP_M3,Email,0.05,4,105,75.77,Gold,0.5,2,0.0,0
M3C002524,CMP_M3,push,0.1,10,25,46.64,Gold,1.4,4,58.91,1
M3C002525,CMP_M3,push,0.2,6,57,39.31,Bronze,3.89,8,117.75,1
M3C002526,CMP_M3,push,5,0,147,70.44,Silver,2.63,7,68.69,1
M3C002527,CMP_M3,Push,0.2,12,193,91.75,Silver,1.32,2,0.0,0
M3C002528,CMP_M3,push,0.1,0,200,45.07,Bronze,2.65,1,0.0,0
M3C002529,CMP_M3,Social,0.2,9,135,68.02,Gold,4.83,1,174.91,1
M3C002530,CMP_M3,Social,0.15,3,124,107.02,Gold,1.85,1,0.0,0
M3C002531,CMP_M3,Social,0,5,96,96.03,Silver,3.48,0,0.0,0
M3C002532,CMP_M3,push,15,4,402,136.34,Gold,3.93,6,139.41,1
M3C002533,CMP_M3,SMS,0.15,7,299,105.54,Gold,4.47,1,0.0,0
M3C002534,CMP_M3,Push,0.05,12,206,31.94,Silver,2.61,1,0.0,0
M3C002535,CMP_M3,Social,0.2,4,108,83.66,Bronze,3.35,2,0.0,0
M3C002536,CMP_M3,push,0.15,13,171,131.26,Silver,1.27,0,0.0,0
M3C002537,CMP_M3,Social,0.15,6,346,37.7,Silver,3.7,3,0.0,0
M3C002538,CMP_M3,push,5,6,122,87.99,Bronze,3.95,2,0.0,0
M3C002539,CMP_M3,Social,0,4,231,96.48,Gold,2.83,2,0.0,0
M3C002540,CMP_M3,Push,0.15,0,356,88.64,Bronze,2.9,0,0.0,0
M3C002541,CMP_M3,Email,0.15,16,270,73.79,Gold,0.65,7,76.61,1
M3C002542,CMP_M3,Social,0,9,347,137.38,Bronze,2.85,3,0.0,0
M3C002543,CMP_M3,Email,0.15,14,360,20.15,Silver,2.77,3,0.0,0
M3C002544,CMP_M3,Social,20,13,261,138.75,Bronze,3.44,0,0.0,0
M3C002545,CMP_M3,Social,0.15,9,305,51.49,Silver,0.83,0,0.0,0
M3C002546,CMP_M3,push,0.2,13,256,85.64,Silver,0.83,0,0.0,0
M3C002547,CMP_M3,Social,0.1,9,46,30.1,Silver,1.43,3,0.0,0
M3C002548,CMP_M3,push,0,16,297,128.66,Gold,0.91,0,0.0,0
M3C002549,CMP_M3,Social,0.15,9,290,96.12,Bronze,0.29,0,0.0,0
M3C002550,CMP_M3,Email,15,6,334,47.73,Gold,3.4,2,0.0,0
M3C002551,CMP_M3,SMS,0.2,14,380,109.52,Silver,4.53,2,0.0,0
M3C002552,CMP_M3,push,0,0,237,21.15,Gold,0.79,1,0.0,0
M3C002553,CMP_M3,push,0.1,8,132,95.34,Bronze,0.82,0,0.0,0
M3C002554,CMP_M3,Email,0,6,329,139.27,Gold,4.66,1,0.0,0
M3C002555,CMP_M3,SMS,0,2,266,125.21,Silver,3.06,7,55.34,1
M3C002556,CMP_M3,push,15,14,15,105.6,Gold,4.87,2,0.0,0
M3C002557,CMP_M3,Social,0,3,117,30.7,Silver,2.87,2,0.0,0
M3C002558,CMP_M3,Push,0,4,227,69.54,Silver,0.29,0,0.0,0
M3C002559,CMP_M3,SMS,0.05,7,191,64.0,Gold,0.42,0,0.0,0
M3C002560,CMP_M3,SMS,0.1,16,303,103.27,Gold,4.38,1,0.0,0
M3C002561,CMP_M3,Social,0.1,1,414,135.14,Silver,0.43,1,0.0,0
M3C002562,CMP_M3,Social,15,4,218,65.26,Bronze,4.72,3,85.62,1
M3C002563,CMP_M3,push,0,5,26,99.3,Silver,0.23,7,170.24,1
M3C002564,CMP_M3,Social,0.1,0,238,38.95,Silver,0.35,3,0.0,0
M3C002565,CMP_M3,push,0.15,4,207,135.5,Silver,4.29,2,0.0,0
M3C002566,CMP_M3,SMS,0.1,4,1,97.67,Gold,3.91,7,63.36,1
M3C002567,CMP_M3,SMS,0,15,53,46.32,Gold,1.33,7,46.26,1
M3C002568,CMP_M3,Push,20,2,412,132.43,Gold,0.36,2,0.0,0
M3C002569,CMP_M3,Email,0.15,2,212,61.37,Bronze,1.53,1,0.0,0
M3C002570,CMP_M3,Social,0.15,10,35,68.25,Silver,0.23,2,0.0,0
M3C002571,CMP_M3,Push,0.15,4,34,23.58,Silver,4.39,6,33.59,1
M3C002572,CMP_M3,push,0,16,90,69.01,Silver,3.14,0,0.0,0
M3C002573,CMP_M3,Push,0.15,16,101,21.54,Bronze,1.18,1,0.0,0
M3C002574,CMP_M3,Push,20,16,385,102.39,Gold,2.31,2,0.0,0
M3C002575,CMP_M3,SMS,0.2,4,35,95.44,Silver,2.99,2,0.0,0
M3C002576,CMP_M3,Social,0.1,12,196,49.03,Silver,3.13,1,0.0,0
M3C002577,CMP_M3,push,0.2,6,253,94.99,Gold,0.69,1,0.0,0
M3C002578,CMP_M3,Push,0.15,11,120,83.58,Silver,2.97,2,0.0,0
M3C002579,CMP_M3,Social,0.2,7,311,77.03,Silver,4.18,1,28.37,1
M3C002580,CMP_M3,Social,10,9,223,31.05,Gold,2.27,4,108.15,1
M3C002581,CMP_M3,Email,0.05,15,331,72.12,Silver,2.32,2,0.0,0
M3C002582,CMP_M3,Social,0.15,5,333,93.23,Gold,0.56,1,0.0,0
M3C002583,CMP_M3,Email,0.15,11,54,123.68,Gold,3.21,1,0.0,0
M3C002584,CMP_M3,Email,0.15,2,189,77.01,Gold,3.21,2,0.0,0
M3C002585,CMP_M3,Social,0,6,149,42.7,Bronze,1.51,0,0.0,0
M3C002586,CMP_M3,push,15,8,98,39.35,Silver,3.56,3,0.0,0
M3C002587,CMP_M3,Social,0.05,16,83,70.81,Bronze,4.14,1,0.0,0
M3C002588,CMP_M3,push,0.15,1,189,141.98,Bronze,0.65,0,0.0,0
M3C002589,CMP_M3,SMS,0.05,9,299,109.41,Bronze,0.77,2,0.0,0
M3C002590,CMP_M3,SMS,0.15,2,212,101.82,Bronze,0.57,0,0.0,0
M3C002591,CMP_M3,SMS,0.15,1,271,72.19,Bronze,0.5,3,0.0,0
M3C002592,CMP_M3,SMS,0,0,371,123.65,Bronze,3.25,0,0.0,0
M3C002593,CMP_M3,push,0.1,16,82,47.48,Gold,1.17,2,0.0,0
M3C002594,CMP_M3,Email,0,5,167,121.05,Silver,2.6,0,0.0,0
M3C002595,CMP_M3,push,0,16,121,92.04,Silver,3.64,0,0.0,0
M3C002596,CMP_M3,Social,0.1,4,35,18.64,Bronze,2.37,1,0.0,0
M3C002597,CMP_M3,Social,0,0,228,70.68,Bronze,2.71,4,55.69,1
M3C002598,CMP_M3,Email,20,0,223,58.63,Silver,4.18,3,0.0,0
M3C002599,CMP_M3,push,0,0,413,100.74,Gold,3.15,1,0.0,0
M3C002600,CMP_M3,push,0.15,13,416,55.94,Bronze,1.48,2,0.0,0
M3C002601,CMP_M3,Push,0.1,1,201,63.33,Gold,4.6,3,0.0,0
M3C002602,CMP_M3,Push,0,6,392,34.27,Gold,4.77,2,0.0,0
M3C002603,CMP_M3,Push,0,16,175,18.97,Silver,0.5,1,0.0,0
M3C002604,CMP_M3,SMS,5,15,186,109.94,Bronze,0.66,3,0.0,0
M3C002605,CMP_M3,Push,0.2,12,262,69.13,Silver,1.11,1,0.0,0
M3C002606,CMP_M3,Social,0.15,15,110,130.45,Bronze,2.95,2,0.0,0
M3C002607,CMP_M3,Social,0.1,2,142,101.15,Bronze,3.97,3,0.0,0
M3C002608,CMP_M3,SMS,0.2,10,232,90.17,Gold,0.91,0,0.0,0
M3C002609,CMP_M3,Social,0.1,12,344,115.76,Gold,2.6,2,0.0,0
M3C002610,CMP_M3,Email,0,2,240,118.75,Bronze,4.39,0,0.0,0
M3C002611,CMP_M3,Social,0,10,116,115.85,Gold,0.55,0,0.0,0
M3C002612,CMP_M3,Email,0,11,419,26.64,Bronze,2.61,3,0.0,0
M3C002613,CMP_M3,SMS,0,8,344,96.62,Bronze,2.25,2,0.0,0
M3C002614,CMP_M3,Push,0,11,358,118.44,Gold,3.19,1,0.0,0
M3C002615,CMP_M3,Email,0.1,9,33,41.15,Bronze,2.94,3,0.0,0
M3C002616,CMP_M3,Push,10,16,179,48.26,Gold,2.18,1,0.0,0
M3C002617,CMP_M3,Email,0.2,13,32,66.23,Bronze,2.6,1,0.0,0
M3C002618,CMP_M3,SMS,0.15,15,50,66.3,Bronze,2.75,2,0.0,0
M3C002619,CMP_M3,SMS,0.1,4,219,75.6,Bronze,3.1,0,0.0,0
M3C002620,CMP_M3,SMS,0,1,143,53.37,Gold,1.66,2,0.0,0
M3C002621,CMP_M3,Push,0,12,32,128.09,Gold,0.7,6,156.02,1
M3C002622,CMP_M3,push,20,16,271,32.76,Gold,2.64,0,0.0,0
M3C002623,CMP_M3,Social,0,5,40,28.25,Bronze,0.28,2,0.0,0
M3C002624,CMP_M3,push,0,9,384,94.44,Bronze,3.48,3,0.0,0
M3C002625,CMP_M3,Social,0.05,16,146,43.58,Bronze,4.42,0,0.0,0
M3C002626,CMP_M3,Email,0.15,6,81,136.99,Bronze,1.72,0,0.0,0
M3C002627,CMP_M3,Social,0.2,7,398,44.89,Bronze,1.84,2,0.0,0
M3C002628,CMP_M3,Email,5,15,138,123.44,Gold,1.55,0,0.0,0
M3C002629,CMP_M3,Social,0.15,13,200,73.12,Bronze,4.87,1,72.92,1
M3C002630,CMP_M3,Push,0.15,5,157,22.74,Bronze,4.33,3,0.0,0
M3C002631,CMP_M3,Push,0.15,1,407,103.38,Silver,0.77,1,0.0,0
M3C002632,CMP_M3,Push,0.05,4,116,36.0,Gold,0.34,3,0.0,0
M3C002633,CMP_M3,Social,0,0,373,80.61,Gold,4.04,1,0.0,0
M3C002634,CMP_M3,SMS,0,16,297,100.98,Gold,2.9,2,0.0,0
M3C002635,CMP_M3,Push,0.05,0,248,93.77,Bronze,3.24,1,0.0,0
M3C002636,CMP_M3,Social,0,0,259,111.26,Silver,1.16,5,161.52,1
M3C002637,CMP_M3,Social,0.1,12,72,24.81,Bronze,3.65,2,0.0,0
M3C002638,CMP_M3,Push,0.1,4,75,27.95,Silver,4.48,0,0.0,0
M3C002639,CMP_M3,Push,0.05,3,275,138.62,Silver,2.85,3,0.0,0
M3C002640,CMP_M3,Push,0,14,31,25.68,Bronze,0.58,3,0.0,0
M3C002641,CMP_M3,push,0.2,8,387,69.61,Silver,1.29,3,0.0,0
M3C002642,CMP_M3,Social,0.2,3,360,71.69,Silver,2.57,0,0.0,0
M3C002643,CMP_M3,push,0.15,12,73,121.59,Silver,4.03,2,46.99,1
M3C002644,CMP_M3,Email,0.2,15,365,105.36,Bronze,1.86,0,0.0,0
M3C002645,CMP_M3,SMS,0.2,10,99,63.7,Silver,2.74,3,0.0,0
M3C002646,CMP_M3,Push,15,0,218,81.79,Silver,3.01,2,0.0,0
M3C002647,CMP_M3,Social,0.1,2,62,76.69,Silver,4.51,0,0.0,0
M3C002648,CMP_M3,SMS,0.2,13,405,55.53,Gold,0.55,3,0.0,0
M3C002649,CMP_M3,Push,0,14,66,56.29,Gold,2.79,6,115.32,1
